"flex href","fill-current","line-clamp-1","text-caption","line-clamp-2","flex","adcard_554c76b6d","box-border 2","box-border 3","text-caption 2","text-success","fill-current 2"
"https://www.leboncoin.fr/ad/ordinateurs/2819136049","Vendeur pro","Mac store & cie","(12)","MACBOOK PRO TB 2020/i9/64Go/1To SSD/16P","1 200 €","Très bon état","Pro","Livraison possible","Paris 75001","",""
"https://www.leboncoin.fr/ad/ordinateurs/2801260683","","randoffice","","MacBook Pro 13.3"" (2020) - Apple M1 avec CPU 8 cœurs et GPU 8 cœurs - 8Go RAM - SSD 512Go -","1 010 €","État neuf","","Livraison possible","Paris 75001 1er Arrondissement","",""
"https://www.leboncoin.fr/ad/ordinateurs/2764765882","Vendeur pro","Okamac","","Macbook Pro Touch Bar 16"" i7 2,6 Ghz 32 Go 512 Go SSD Gris Sidéral (2019)","1 019 €","Reconditionné","Pro","Livraison possible","Écouflant 49000","",""
"https://www.leboncoin.fr/ad/ordinateurs/2760164078","Vendeur pro","Okamac","","MacBook Pro Touch Bar 13"" i7 2,3 Ghz 16 Go RAM 1 To SSD Argent (2020) - Reconditionné - Etat correct","1 019 €","Reconditionné","Pro","Livraison possible","Écouflant 49000","",""
"https://www.leboncoin.fr/ad/ordinateurs/2760326423","Vendeur pro","Okamac","","Macbook Pro Touch Bar 16"" i9 2,3 Ghz 16 Go 1 To SSD Argent (2019) - Reconditionné - Très bon état","","Reconditionné","Pro","Livraison possible","Écouflant 49000","1 019 €","Baisse de prix"
"https://www.leboncoin.fr/ad/ordinateurs/2760163895","Vendeur pro","Okamac","","Macbook Pro Touch Bar 16"" i9 2,3 Ghz 16 Go 1 To SSD Gris Sidéral (2019)","","Reconditionné","Pro","Livraison possible","Écouflant 49000","1 019 €","Baisse de prix"
"https://www.leboncoin.fr/ad/ordinateurs/2792817862","Vendeur pro","Okamac","","Macbook Pro Touch Bar 16"" i9 2,3 Ghz 64 Go 512 Go SSD Gris Sidéral (2019)","1 019 €","Reconditionné","Pro","Livraison possible","Écouflant 49000","",""
"https://www.leboncoin.fr/ad/ordinateurs/2786515780","Vendeur pro","Okamac","","APPLE MacBook Pro Touch Bar 15"" 2019 i9 - 2,3 Ghz - 16 Go RAM - 2000 Go SSD - Gris Sidéral","","Reconditionné","Pro","Livraison possible","Écouflant 49000","1 019 €","Baisse de prix"
"https://www.leboncoin.fr/ad/ordinateurs/2786515785","Vendeur pro","Okamac","","MacBook Pro Touch Bar 15"" i9 2,3 Ghz 16 Go RAM 2 To SSD Gris Sidéral (2019)","","Reconditionné","Pro","Livraison possible","Écouflant 49000","1 019 €","Baisse de prix"
"https://www.leboncoin.fr/ad/ordinateurs/2786515786","Vendeur pro","Okamac","","MacBook Pro Touch Bar 15"" i9 2,3 Ghz 16 Go RAM 2 To SSD Gris Sidéral (2019)","","Reconditionné","Pro","Livraison possible","Écouflant 49000","1 019 €","Baisse de prix"
"https://www.leboncoin.fr/ad/ordinateurs/2760164576","Vendeur pro","Okamac","","APPLE MacBook Pro Retina Touch Bar 13"" Apple M1 3,2 Ghz 8 Go 512 Go SSD Argent (2020)","","Reconditionné","Pro","Livraison possible","Écouflant 49000","1 019 €","Baisse de prix"
"https://www.leboncoin.fr/ad/ordinateurs/2760326454","Vendeur pro","Okamac","","APPLE MacBook Pro Retina Touch Bar 13"" Apple M1 3,2 Ghz 8 Go 512 Go SSD Gris Sidéral (2020)","","Reconditionné","Pro","Livraison possible","Écouflant 49000","1 019 €","Baisse de prix"
"https://www.leboncoin.fr/ad/ordinateurs/2760164635","Vendeur pro","Okamac","","MacBook Pro Touch Bar 13"" 2020 Apple M1 3,2 Ghz 8 Go 512 Go SSD Gris Sidéral","","Reconditionné","Pro","Livraison possible","Écouflant 49000","1 019 €","Baisse de prix"
"https://www.leboncoin.fr/ad/ordinateurs/2760164506","Vendeur pro","Okamac","","MacBook Pro TouchBar 13"" M1 - Reconditionné - Très bon état","","Reconditionné","Pro","Livraison possible","Écouflant 49000","1 019 €","Baisse de prix"
"https://www.leboncoin.fr/ad/ordinateurs/2760164002","Vendeur pro","Okamac","","APPLE MacBook Pro Retina TouchBar 13"" 2020 M1 - 3,2 Ghz - 8 Go RAM - 512 Go SSD - Gris Sidéral","","Reconditionné","Pro","Livraison possible","Écouflant 49000","1 019 €","Baisse de prix"
"https://www.leboncoin.fr/ad/ordinateurs/2760326422","Vendeur pro","Okamac","","MacBook Pro TouchBar 13"" M1 - Reconditionné - Très bon état","","Reconditionné","Pro","Livraison possible","Écouflant 49000","1 019 €","Baisse de prix"
"https://www.leboncoin.fr/ad/ordinateurs/2760164834","Vendeur pro","Okamac","","MacBook Pro Touch Bar 13"" 2020 Apple M1 3,2 Ghz 8 Go 512 Go SSD Argent","","Reconditionné","Pro","Livraison possible","Écouflant 49000","1 019 €","Baisse de prix"
"https://www.leboncoin.fr/ad/ordinateurs/1971910759","","Don François","","MacBook pro Puce M1 Gris sidéral","1 025 €","État neuf","","Livraison possible","Curel 52300","",""
"https://www.leboncoin.fr/ad/ordinateurs/1908856768","","gera","","Apple MacBook Pro Retina 15,4 ""Core i7 2,2Ghz 16 Go 512 SSD 2015","1 025 €","État neuf","","Livraison possible","Sionne 88630","",""
"https://www.leboncoin.fr/ad/ordinateurs/2775520799","Vendeur pro","Okamac","","MacBook Pro Touch Bar 15"" i9 2,3 Ghz 32 Go RAM 1 To SSD Gris Sidéral (2019)","","Reconditionné","Pro","Livraison possible","Écouflant 49000","1 029 €","Baisse de prix"
"https://www.leboncoin.fr/ad/ordinateurs/2764765084","Vendeur pro","Okamac","","MacBook Pro Touch Bar 15"" i9 2,9 Ghz 32 Go RAM 512 Go SSD Gris Sidéral (2018)","1 029 €","Reconditionné","Pro","Livraison possible","Écouflant 49000","",""
"https://www.leboncoin.fr/ad/ordinateurs/2764764761","Vendeur pro","Okamac","","MacBook Pro Touch Bar 15"" i9 2,9 Ghz 32 Go RAM 512 Go SSD Gris Sidéral (2018)","1 029 €","Reconditionné","Pro","Livraison possible","Écouflant 49000","",""
"https://www.leboncoin.fr/ad/ordinateurs/2764765676","Vendeur pro","Okamac","","MacBook Pro Touch Bar 15"" i9 2,9 Ghz 32 Go RAM 512 Go SSD Gris Sidéral (2018)","1 029 €","Reconditionné","Pro","Livraison possible","Écouflant 49000","",""
"https://www.leboncoin.fr/ad/ordinateurs/2777171137","Vendeur pro","Okamac","","APPLE MacBook Pro Touch Bar 15"" 2019 i9 - 2,3 Ghz - 32 Go RAM - 1000 Go SSD - Gris Sidéral","","Reconditionné","Pro","Livraison possible","Écouflant 49000","1 029 €","Baisse de prix"
"https://www.leboncoin.fr/ad/ordinateurs/2777171139","Vendeur pro","Okamac","","MacBook Pro Touch Bar 15"" i9 2,3 Ghz 32 Go RAM 1 To SSD Gris Sidéral (2019)","","Reconditionné","Pro","Livraison possible","Écouflant 49000","1 029 €","Baisse de prix"
"https://www.leboncoin.fr/ad/ordinateurs/2679533086","","Matthieu b 63","","MacBook Air M3","1 030 €","État neuf","","Livraison possible","Issoire 63500","",""
"https://www.leboncoin.fr/ad/ordinateurs/2836584174","Vendeur pro","Okamac","","MacBook Pro Touch Bar 13"" 2020 Apple M1 3,2 Ghz 16 Go 256 Go SSD Gris Sidéral","1 034 €","Reconditionné","Pro","Livraison possible","Écouflant 49000","",""
"https://www.leboncoin.fr/ad/ordinateurs/2836584180","Vendeur pro","Okamac","","APPLE MacBook Pro Retina Touch Bar 13"" Apple M1 3,2 Ghz 16 Go 256 Go SSD Gris Sidéral (2020)","1 034 €","Reconditionné","Pro","Livraison possible","Écouflant 49000","",""
"https://www.leboncoin.fr/ad/ordinateurs/2836584170","Vendeur pro","Okamac","","APPLE MacBook Pro Retina TouchBar 13"" 2020 M1 - 3,2 Ghz - 16 Go RAM - 256 Go SSD - Gris Sidéral","1 034 €","Reconditionné","Pro","Livraison possible","Écouflant 49000","",""
"https://www.leboncoin.fr/ad/ordinateurs/2764765063","Vendeur pro","Okamac","","MacBook Pro Touch Bar 13"" i5 2 Ghz 16 Go RAM 2 To SSD Argent (2020) - Reconditionné - Très bon état","1 034 €","Reconditionné","Pro","Livraison possible","Écouflant 49000","",""
"https://www.leboncoin.fr/ad/ordinateurs/2764765531","Vendeur pro","Okamac","","MacBook Pro APPLE Retina TouchBar 15"" 2019 i9 2,3 Ghz 16 Go 512 Go SSD Gris Sidéral","","Reconditionné","Pro","Livraison possible","Écouflant 49000","1 039 €","Baisse de prix"
"https://www.leboncoin.fr/ad/ordinateurs/2764765190","Vendeur pro","Okamac","","MacBook Pro Touch Bar 15"" i9 2,4 Ghz 32 Go RAM 1 To SSD Gris Sidéral (2019)","","Reconditionné","Pro","Livraison possible","Écouflant 49000","1 039 €","Baisse de prix"
"https://www.leboncoin.fr/ad/ordinateurs/2764765051","Vendeur pro","Okamac","","APPLE MacBook Pro Touch Bar 15"" 2019 i9 - 2,4 Ghz - 32 Go RAM - 1000 Go SSD - Gris Sidéral","","Reconditionné","Pro","Livraison possible","Écouflant 49000","1 039 €","Baisse de prix"
"https://www.leboncoin.fr/ad/ordinateurs/2764765185","Vendeur pro","Okamac","","MacBook Pro Touch Bar 15"" i9 2,4 Ghz 32 Go RAM 1 To SSD Gris Sidéral (2019)","","Reconditionné","Pro","Livraison possible","Écouflant 49000","1 039 €","Baisse de prix"
"https://www.leboncoin.fr/ad/ordinateurs/2760326438","Vendeur pro","Okamac","","APPLE MacBook Pro Touch Bar 15"" 2019 i9 - 2,3 Ghz - 32 Go RAM - 256 Go SSD - Argent","","Reconditionné","Pro","Livraison possible","Écouflant 49000","1 039 €","Baisse de prix"
"https://www.leboncoin.fr/ad/ordinateurs/2760163958","Vendeur pro","Okamac","","MacBook Pro Touch Bar 13"" i7 2,3 Ghz 16 Go RAM 512 Go SSD Argent (2020)","1 039 €","Reconditionné","Pro","Livraison possible","Écouflant 49000","",""
"https://www.leboncoin.fr/ad/ordinateurs/2760326362","Vendeur pro","Okamac","","APPLE MacBook Pro Touch Bar 15"" 2018 i9 - 2,9 Ghz - 32 Go RAM - 1000 Go SSD - Gris Sidéral","","Reconditionné","Pro","Livraison possible","Écouflant 49000","1 039 €","Baisse de prix"
"https://www.leboncoin.fr/ad/ordinateurs/2760164052","Vendeur pro","Okamac","","MacBook Pro Touch Bar 15"" i9 2,3 Ghz 32 Go RAM 512 Go SSD Argent (2019)","","Reconditionné","Pro","Livraison possible","Écouflant 49000","1 039 €","Baisse de prix"
"https://www.leboncoin.fr/ad/ordinateurs/2760163800","Vendeur pro","Okamac","","Macbook Pro Touch Bar 16"" i9 2,3 Ghz 16 Go 1 To SSD Gris Sidéral (2019)","","Reconditionné","Pro","Livraison possible","Écouflant 49000","1 039 €","Baisse de prix"
"https://www.leboncoin.fr/ad/ordinateurs/2760163658","Vendeur pro","Okamac","","APPLE MacBook Pro Touch Bar 15"" 2019 i9 - 2,3 Ghz - 32 Go RAM - 512 Go SSD - Argent","","Reconditionné","Pro","Livraison possible","Écouflant 49000","1 039 €","Baisse de prix"
"https://www.leboncoin.fr/ad/ordinateurs/2760163692","Vendeur pro","Okamac","","MacBook Pro Touch Bar 15"" i9 2,3 Ghz 32 Go RAM 512 Go SSD Argent (2019)","","Reconditionné","Pro","Livraison possible","Écouflant 49000","1 039 €","Baisse de prix"
"https://www.leboncoin.fr/ad/ordinateurs/2760163901","Vendeur pro","Okamac","","Macbook Pro Touch Bar 16"" i9 2,3 Ghz 16 Go 1 To SSD Argent (2019) - Reconditionné - Excellent état","","Reconditionné","Pro","Livraison possible","Écouflant 49000","1 039 €","Baisse de prix"
"https://www.leboncoin.fr/ad/ordinateurs/2760164090","Vendeur pro","Okamac","","MacBook Pro Touch Bar 13"" i7 2,3 Ghz 16 Go RAM 512 Go SSD Gris Sidéral (2020)","1 039 €","Reconditionné","Pro","Livraison possible","Écouflant 49000","",""
"https://www.leboncoin.fr/ad/ordinateurs/2802591985","Vendeur pro","Okamac","","APPLE MacBook Pro Retina Touch Bar 13"" Apple M1 3,2 Ghz 8 Go 512 Go SSD Argent (2020)","1 039 €","Reconditionné","Pro","Livraison possible","Écouflant 49000","",""
"https://www.leboncoin.fr/ad/ordinateurs/2802591981","Vendeur pro","Okamac","","Ordinateur Apple Macbook Pro New M1 8 512 Argent","1 039 €","Très bon état","Pro","Livraison possible","Écouflant 49000","",""
"https://www.leboncoin.fr/ad/ordinateurs/2802591986","Vendeur pro","Okamac","","MacBook Pro Touch Bar 13"" 2020 Apple M1 3,2 Ghz 8 Go 512 Go SSD Argent","1 039 €","Reconditionné","Pro","Livraison possible","Écouflant 49000","",""
"https://www.leboncoin.fr/ad/ordinateurs/2802591975","Vendeur pro","Okamac","","MacBook Pro TouchBar 13"" M1 - Reconditionné - Excellent état","1 039 €","Reconditionné","Pro","Livraison possible","Écouflant 49000","",""
"https://www.leboncoin.fr/ad/ordinateurs/2760163829","Vendeur pro","Okamac","","MacBook Pro Touch Bar 13"" 2020 Apple M1 3,2 Ghz 8 Go 512 Go SSD Gris Sidéral","","Reconditionné","Pro","Livraison possible","Écouflant 49000","1 039 €","Baisse de prix"
"https://www.leboncoin.fr/ad/ordinateurs/2760164404","Vendeur pro","Okamac","","APPLE MacBook Pro Retina TouchBar 13"" 2020 M1 - 3,2 Ghz - 8 Go RAM - 512 Go SSD - Gris Sidéral","","Reconditionné","Pro","Livraison possible","Écouflant 49000","1 039 €","Baisse de prix"
"https://www.leboncoin.fr/ad/ordinateurs/2760164607","Vendeur pro","Okamac","","MacBook Pro TouchBar 13"" M1 - Reconditionné - Excellent état","","Reconditionné","Pro","Livraison possible","Écouflant 49000","1 039 €","Baisse de prix"
"https://www.leboncoin.fr/ad/ordinateurs/2760326436","Vendeur pro","Okamac","","APPLE MacBook Pro Retina Touch Bar 13"" Apple M1 3,2 Ghz 8 Go 512 Go SSD Gris Sidéral (2020)","","Reconditionné","Pro","Livraison possible","Écouflant 49000","1 039 €","Baisse de prix"
"https://www.leboncoin.fr/ad/ordinateurs/2593056477","Vendeur pro","Microccase","(17)","Achat en magasin à Paris ou via Leboncoin : Ordinateur portable Macbook Pro 16'' i9 2,3Ghz / 16 Go/ 1 To SSD (2019) / Gris Sidéral / Paiement en 3x / GARANTIE 1 AN / Avec chargeur","","Reconditionné","Pro","Livraison possible","Paris 75005 5e Arrondissement","1 040 €","Baisse de prix"
"https://www.leboncoin.fr/ad/ordinateurs/2832639996","","WL","","Macbook Air 15 pouces M2 Garantie 1.5an","1 049 €","Très bon état","","Livraison possible","Paris 75009 9e Arrondissement","",""
"https://www.leboncoin.fr/ad/ordinateurs/2827064819","Vendeur pro","Okamac","","Macbook Pro Touch Bar 16"" i7 2,6 Ghz 32 Go 1 To SSD Gris Sidéral (2019)","1 049 €","Reconditionné","Pro","Livraison possible","Écouflant 49000","",""
"https://www.leboncoin.fr/ad/ordinateurs/2793879165","Vendeur pro","High Tech Moving","(372)","MacBook Pro 13"" M1 16Go 512Go - Parfait État avec Garantie de 6 Mois","1 049 €","Très bon état","Pro","Livraison possible","Paris 75012 12e Arrondissement","",""
"https://www.leboncoin.fr/ad/ordinateurs/2578651878","Vendeur pro","High Tech Moving","(372)","Liquidation & Déstockage MacBook Pro M1, M2 et M3 en 13"" 14"" et 16"" NEUF + Facture et Garantie","","État neuf","Pro","Livraison possible","Paris 75012 12e Arrondissement","1 049 €","Baisse de prix"
"https://www.leboncoin.fr/ad/ordinateurs/2632885395","","Gabrielle","(12)","MacBook Pro 16” 2019 Intel Core i9 32Go RAM 1To SSD","","Très bon état","","","Paris 75001","1 049 €","Baisse de prix"
"https://www.leboncoin.fr/ad/ordinateurs/2839228122","","Enzo","(23)","MacBook Pro M2","1 050 €","État neuf","","Livraison possible","Brive-la-Gaillarde 19100","",""
"https://www.leboncoin.fr/ad/ordinateurs/2837896204","","Théo","(1)","Macbook Pro M1 13"" 2020 16GO 512GO","1 050 €","Bon état","","Livraison possible","Paris 75012 12e Arrondissement","",""
"https://www.leboncoin.fr/ad/ordinateurs/2836866070","","FrancescoSalvatore","","Alieware r15 m5","1 050 €","Très bon état","","Livraison possible","Trets 13530","",""
"https://www.leboncoin.fr/ad/ordinateurs/2834793793","","Eme","","MacBook pro 2019","","Très bon état","","Livraison possible","Douai 59500","1 050 €","Baisse de prix"
"https://www.leboncoin.fr/ad/ordinateurs/2831333890","","Baptiste","","MacBook Pro 13’’ Touch Bar 512Go Ssd 16Go RAM puce M1","","État neuf","","Livraison possible","Artigues-près-Bordeaux 33370","1 050 €","Baisse de prix"
"https://www.leboncoin.fr/ad/ordinateurs/2830998067","","L.L","(1)","MacBook Pro M2 2022 - TouchBar","1 050 €","Très bon état","","Livraison possible","Orléans 45000","",""
"https://www.leboncoin.fr/ad/ordinateurs/2829268334","","Raphael TAÏ","","MacBook Pro M2 512gb 13’’ en garantie","","Très bon état","","Livraison possible","Lille 59000","1 050 €","Baisse de prix"
"https://www.leboncoin.fr/ad/ordinateurs/2829128740","","gp","(11)","Macbook pro M1 16go + 1to + support bureau","","Bon état","","Livraison possible","Thonon-les-Bains 74200","1 050 €","Baisse de prix"
"https://www.leboncoin.fr/ad/ordinateurs/2818524652","","Elo973","","Macbook pro m2","1 050 €","Bon état","","Livraison possible","Montreuil 93100","",""
"https://www.leboncoin.fr/ad/ordinateurs/2815563961","","AJ","(2)","MacBook Pro 15,4 Pouces gris sideral Tres bon état","1 050 €","Très bon état","","Livraison possible","Paris 75016","",""
"https://www.leboncoin.fr/ad/ordinateurs/2812972134","","Alexandre75012","","Très peu utilisé : MacBook Pro 13.3"" (2020) - Apple M1 avec 16Go RAM - SSD 512Go - AZERTY","1 050 €","Très bon état","","Livraison possible","Levallois-Perret 92300","",""
"https://www.leboncoin.fr/ad/ordinateurs/2801101131","","Erwan","(28)","Apple Macbook pro 16"" | i9 | 32 go RAM | 1 TO SSD","","Très bon état","","Livraison possible","Cagnes-sur-Mer 06800","1 050 €","Baisse de prix"
"https://www.leboncoin.fr/ad/ordinateurs/2794301474","","Laurent","","Ordinateur MacBook Pro","","État neuf","","Livraison possible","La Plaine-des-Palmistes 97431","1 050 €","Baisse de prix"
"https://www.leboncoin.fr/ad/ordinateurs/2789617741","","AB","(2)","Apple Mac book pro 13p","1 050 €","Très bon état","","Livraison possible","Montpellier 34000","",""
"","","","","","","","","","","",""