"flex href","_1cnjm src","box-border","line-clamp-[--maxLines]","flex","box-border 2","inline-flex","relative","relative 2","relative 3","relative 4","text-caption"
"https://www.leboncoin.fr/ad/voitures/2829155611","https://img.leboncoin.fr/api/v1/lbcpb1/images/8c/1d/1b/8c1d1b12ddee1e680527a2e1deaf78635be3a62a.jpg?rule=ad-image","À la une","Ford Fiesta V 1.0 EcoBoost 95ch Cool & Connect 5p","9 500 €","Pack Sérénité","202095500 kmEssenceManuelle","2020","95500 km","Essence","Manuelle","Ajaccio 20000"
"https://www.leboncoin.fr/ad/voitures/2835745550","https://img.leboncoin.fr/api/v1/lbcpb1/images/77/fa/f5/77faf5de2d5149116a62d4f7d782ebe1d2525b51.jpg?rule=ad-image","","Transfert contrat location LOA KILOMÉTRAGE ILLIMITÉ TOYOTA CAMRY","6 000 €","Paiement sécurisé","202416500 kmHybrideManuelle","2024","16500 km","Hybride","Manuelle","Brétigny-sur-Orge 91220"
"https://www.leboncoin.fr/ad/voitures/2835929064","https://img.leboncoin.fr/api/v1/lbcpb1/images/1f/27/c9/1f27c9a6aa5ac563d5edc05c784ef56ee2ee280c.jpg?rule=ad-image","Pro","RENAULT TWINGO 71ch VU dérive VP TVA Récup","6 490 €","","202088590 kmEssenceManuelle","2020","88590 km","Essence","Manuelle","Toul 54200"
"https://www.leboncoin.fr/ad/voitures/2792502637","https://img.leboncoin.fr/api/v1/lbcpb1/images/b9/80/95/b9809585cf60289bf6ba42c78583d075a4b9d258.jpg?rule=ad-image","","108","6 500 €","Pack Sérénité","202089000 kmEssenceManuelle","2020","89000 km","Essence","Manuelle","Le Blanc-Mesnil 93150"
"https://www.leboncoin.fr/ad/voitures/2830201629","https://img.leboncoin.fr/api/v1/lbcpb1/images/76/96/c3/7696c35eb76bfd131d879fdb765088a5927b25b6.jpg?rule=ad-image","Pro","FIAT PANDA III 1.2 essence 5 portes","6 700 €","","202085000 kmEssenceManuelle","2020","85000 km","Essence","Manuelle","Pointe-à-Pitre 97110"
"https://www.leboncoin.fr/ad/voitures/2830991833","https://img.leboncoin.fr/api/v1/lbcpb1/images/36/bc/f1/36bcf18ef6684df98e544ec2797b77a6904a7a95.jpg?rule=ad-image","","C3","6 800 €","Pack Sérénité","2020138000 kmEssenceManuelle","2020","138000 km","Essence","Manuelle","Vitrolles 13127"
"https://www.leboncoin.fr/ad/voitures/2832814655","https://img.leboncoin.fr/api/v1/lbcpb1/images/7e/d9/46/7ed9463a1b83ef203548f4ee8ff867a4952b8d04.jpg?rule=ad-image","","Renault twisy 45 intens","6 900 €","Paiement sécurisé","202015000 kmElectriqueAutomatique","2020","15000 km","Electrique","Automatique","Cannes 06400"
"https://www.leboncoin.fr/ad/voitures/2829945955","https://img.leboncoin.fr/api/v1/lbcpb1/images/ca/52/f4/ca52f42f662da45046c9f49651d2352f32614eb2.jpg?rule=ad-image","","Citroen c3","6 900 €","Pack Sérénité","202043900 kmEssenceManuelle","2020","43900 km","Essence","Manuelle","Montpellier 34000"
"https://www.leboncoin.fr/ad/voitures/2797648028","https://img.leboncoin.fr/api/v1/lbcpb1/images/6c/a4/e8/6ca4e80f43846676a2fbbcad59033e3a8ca70dee.jpg?rule=ad-image","","Fiat panda 2020","6 900 €","Pack Sérénité","202054000 kmEssenceManuelle","2020","54000 km","Essence","Manuelle","Le Pont-de-Beauvoisin 38480"
"https://www.leboncoin.fr/ad/voitures/2789207840","","","Peugeot 108 3 portes essence 2500 kms","6 980 €","Pack Sérénité","20202503 kmEssenceManuelle","2020","2503 km","Essence","Manuelle","Thiberville 27230"
"https://www.leboncoin.fr/ad/voitures/2723742930","","Pro","Twingo III Phase 2 1.0 SCe 75 CV Zen BMV5","","","202053950 kmEssenceManuelle","2020","53950 km","Essence","Manuelle","Le Raincy 93340"
"https://www.leboncoin.fr/ad/voitures/2835672701","","","Peugeot 108","7 100 €","Pack Sérénité","202068000 kmEssenceManuelle","2020","68000 km","Essence","Manuelle","Drucourt 27230"
"https://www.leboncoin.fr/ad/voitures/2830990291","","","Citroën C3 110cv S&S BVM6 Shine","7 200 €","Pack Sérénité","2020101743 kmEssenceManuelle","2020","101743 km","Essence","Manuelle","Lisses 91090"
"https://www.leboncoin.fr/ad/voitures/2809592869","","","Ami citroën pop","7 200 €","Paiement sécurisé","202120900 kmElectriqueAutomatique","2021","20900 km","Electrique","Automatique","Les Authieux-sur-le-Port-St-Ouen 76520 Le Port Saint-Ouen"
"https://www.leboncoin.fr/ad/voitures/2789636521","","","Dacia Sandero Stepway 2020","7 300 €","Paiement sécurisé","202085000 kmGPLManuelle","2020","85000 km","GPL","Manuelle","Valdivienne 86300"
"https://www.leboncoin.fr/ad/voitures/2800602513","","","Voiture kia Picanto","7 400 €","Pack Sérénité","202052100 kmEssenceManuelle","2020","52100 km","Essence","Manuelle","Crégy-lès-Meaux 77124"
"https://www.leboncoin.fr/ad/voitures/2698968087","","Pro","CITROËN C3 1.2 VTi 83 cv - LIVE - CLIMATISATION - RÉGULATEUR - LIMITEUR - BLUETOOTH","","","202044500 kmEssenceManuelle","2020","44500 km","Essence","Manuelle","Colombes 92700"
"https://www.leboncoin.fr/ad/voitures/2824691470","","","Peugeot 108 style","7 490 €","Pack Sérénité","202050000 kmEssenceManuelle","2020","50000 km","Essence","Manuelle","Cagnes-sur-Mer 06800"
"https://www.leboncoin.fr/ad/voitures/2826423244","","Pro","Twingo 1L essence 4 places","7 500 €","","202018000 kmEssenceManuelle","2020","18000 km","Essence","Manuelle","La Cerlangue 76430"
"https://www.leboncoin.fr/ad/voitures/2830678364","","","Mitsubishi","7 600 €","Pack Sérénité","202045000 kmEssenceManuelle","2020","45000 km","Essence","Manuelle","Pamiers 09100"
"https://www.leboncoin.fr/ad/voitures/2769226159","","","Peugeot 108","7 600 €","Pack Sérénité","202058838 kmEssenceManuelle","2020","58838 km","Essence","Manuelle","Meaux 77100"
"https://www.leboncoin.fr/ad/voitures/2803977403","","","Twingo 3","","Pack Sérénité","202073100 kmEssenceManuelle","2020","73100 km","Essence","Manuelle","Rouen 76000"
"https://www.leboncoin.fr/ad/voitures/2781116296","","Pro","Fiat 500 phase 3 1.0 BSG 12V 69cv avec toit panoramique et gps tactile avec 50000Km","7 790 €","","202050000 kmEssenceManuelle","2020","50000 km","Essence","Manuelle","Lys-lez-Lannoy 59390"
"https://www.leboncoin.fr/ad/voitures/2836139979","","","Clio 5 société 1.5 dci 75","7 800 €","Pack Sérénité","2020165000 kmDieselManuelle","2020","165000 km","Diesel","Manuelle","Montbartier 82700"
"https://www.leboncoin.fr/ad/voitures/2743388396","","","Renault twingo 1.0 65 sce zen 2021","7 800 €","Pack Sérénité","202170676 kmEssenceManuelle","2021","70676 km","Essence","Manuelle","Paris 75013 13e Arrondissement"
"https://www.leboncoin.fr/ad/voitures/2833072189","","Déjà Vu","Citroën C3 C-Series 11000km car play","7 900 €","Pack Sérénité","202111000 kmEssenceManuelle","2021","11000 km","Essence","Manuelle","Vitry-sur-Seine 94400"
"https://www.leboncoin.fr/ad/voitures/2755532212","","","Twingo 3 sce 65 zen","7 900 €","Pack Sérénité","202053771 kmEssenceManuelle","2020","53771 km","Essence","Manuelle","Taverny 95150"
"https://www.leboncoin.fr/ad/voitures/2831210805","","","Fiat Panda","7 950 €","Pack Sérénité","202038400 kmEssenceManuelle","2020","38400 km","Essence","Manuelle","Châteauneuf-les-Martigues 13220"
"https://www.leboncoin.fr/ad/voitures/2790356561","","Pro","PEUGEOT 108 1.0i VTi 72 S&S STYLE","7 950 €","","202090888 kmEssenceManuelle","2020","90888 km","Essence","Manuelle","Petit-Mars 44390"
"https://www.leboncoin.fr/ad/voitures/2430861120","","Pro","Renault twingo zen sce 70 clim bluetooth tva","","","202048250 kmEssenceManuelle","2020","48250 km","Essence","Manuelle","Paris 75012 12e Arrondissement"
"https://www.leboncoin.fr/ad/voitures/2770121182","","Pro","RENAULT TWINGO 1.0i SCe 75CH","","","202066827 kmEssenceManuelle","2020","66827 km","Essence","Manuelle","Montpellier 34070 Prés d'Arènes"
"https://www.leboncoin.fr/ad/voitures/2794346603","","Pro","Renault twingo iii sce 75 finition zen","7 990 €","","202055280 kmEssenceManuelle","2020","55280 km","Essence","Manuelle","Neuvillette 80600"
"https://www.leboncoin.fr/ad/voitures/2777886276","","Pro","Renault twingo iii sce 65 life","7 990 €","","202061200 kmEssenceManuelle","2020","61200 km","Essence","Manuelle","Saint-Pierre-La-Noue 17700"
"https://www.leboncoin.fr/ad/voitures/2835554853","","","Citroën C3 phase 2 / 106000KM","7 999 €","Pack Sérénité","2020106000 kmEssenceManuelle","2020","106000 km","Essence","Manuelle","Montpellier 34070 Croix d'Argent"
"https://www.leboncoin.fr/ad/voitures/2836516011","","","Twingo 3 Phase 2 Zen SCE 75","8 000 €","Pack Sérénité","202064000 kmEssenceManuelle","2020","64000 km","Essence","Manuelle","Paris 75001 1er Arrondissement"
"https://www.leboncoin.fr/ad/voitures/2836323496","","","C3 pure tech 82 cv essence (2 places mais 5 places possible facilement )","8 000 €","Pack Sérénité","202067000 kmEssenceManuelle","2020","67000 km","Essence","Manuelle","Châlons-en-Champagne 51000"
"https://www.leboncoin.fr/ad/voitures/2836138977","https://img.leboncoin.fr/api/v1/lbcpb1/images/83/94/8b/83948b46be5f5e075701697259ac1c1c4f70e292.jpg?rule=ad-image","","CITROEN C3 Puretech 110 cv Année 2020 Excellent état","8 000 €","Pack Sérénité","2020123000 kmEssenceManuelle","2020","123000 km","Essence","Manuelle","Grabels 34790"
"https://www.leboncoin.fr/ad/voitures/2821453503","https://img.leboncoin.fr/api/v1/lbcpb1/images/c6/f7/7f/c6f77f028c1b8c7ae3617d694ea71c2857bf3ad0.jpg?rule=ad-image","","Vente C1 Citroën","","Pack Sérénité","202054600 kmEssenceManuelle","2020","54600 km","Essence","Manuelle","Albi 81000"
"https://www.leboncoin.fr/ad/voitures/2784224861","","","Renault twingo 1.0 65 sce zen 2021","8 000 €","Pack Sérénité","202170676 kmEssenceManuelle","2021","70676 km","Essence","Manuelle","Paris 75020 20e Arrondissement"
"https://www.leboncoin.fr/ad/voitures/2819182625","","","DACIA SANDERO III - SCE65 - ACCESS - 1ERE MAIN ( comme neuve )","8 100 €","Pack Sérénité","202229500 kmEssenceManuelle","2022","29500 km","Essence","Manuelle","Marseille 13006 6e Arrondissement"
"https://www.leboncoin.fr/ad/voitures/2836260264","","","Citroën C1 Airscape","8 200 €","Pack Sérénité","202045200 kmEssenceManuelle","2020","45200 km","Essence","Manuelle","Avignon 84000"
"https://www.leboncoin.fr/ad/voitures/2832426716","","","Fiat 500 lounge 1.2 69cv","8 200 €","Pack Sérénité","202072000 kmEssenceManuelle","2020","72000 km","Essence","Manuelle","Fosses 95470"
"https://www.leboncoin.fr/ad/voitures/2814488034","","","Renault Twingo III SCe 65 Zen","8 200 €","Pack Sérénité","202036000 kmEssenceManuelle","2020","36000 km","Essence","Manuelle","Angoulême 16000"
"https://www.leboncoin.fr/ad/voitures/2788166425","","","Vends twingo 2020","8 200 €","Paiement sécurisé","202076000 kmEssenceManuelle","2020","76000 km","Essence","Manuelle","Falaise 14700"
"https://www.leboncoin.fr/ad/voitures/2787747114","","","Vends petite voiture","8 200 €","Pack Sérénité","2020126000 kmEssenceManuelle","2020","126000 km","Essence","Manuelle","Aubagne 13400"
"https://www.leboncoin.fr/ad/voitures/2785709883","","","Voiture PEUGEOT 108 STYLE","8 200 €","Paiement sécurisé","202036500 kmEssenceManuelle","2020","36500 km","Essence","Manuelle","Montalieu-Vercieu 38390"
"https://www.leboncoin.fr/ad/voitures/2678571736","","","Mpm erelis pure tech 130cv,","8 200 €","Pack Sérénité","20201900 kmEssenceManuelle","2020","1900 km","Essence","Manuelle","Lalouvesc 07520"
"https://www.leboncoin.fr/ad/voitures/2834762576","","","Twingo","8 300 €","Pack Sérénité","202060500 kmEssenceManuelle","2020","60500 km","Essence","Manuelle","Plougasnou 29630"
"https://www.leboncoin.fr/ad/voitures/2819527807","","","Renault Twingo III phase 2 1.0 SCe 12V S&S 75 cv","8 300 €","Pack Sérénité","202033900 kmEssenceManuelle","2020","33900 km","Essence","Manuelle","Herblay-sur-Seine 95220"
"https://www.leboncoin.fr/ad/voitures/2762448410","","","Fiat panda 1.2 69cv 1er main","","Paiement sécurisé","202015300 kmEssenceManuelle","2020","15300 km","Essence","Manuelle","Strasbourg 67000"
"https://www.leboncoin.fr/ad/voitures/2690478125","","Pro","308 BlueHDi 100ch S&S BVM6 Active Business","8 390 €","","2020188180 kmDieselManuelle","2020","188180 km","Diesel","Manuelle","Villeneuve-le-Roi 94290"
"https://www.leboncoin.fr/ad/voitures/2836399346","","","Twingo","8 400 €","Pack Sérénité","202058000 kmEssenceManuelle","2020","58000 km","Essence","Manuelle","Villiers-sur-Marne 94350"
"https://www.leboncoin.fr/ad/voitures/2832944456","","","Dacia Sandero","8 400 €","Pack Sérénité","202116406 kmEssenceManuelle","2021","16406 km","Essence","Manuelle","La Rochelle 17000"
"https://www.leboncoin.fr/ad/voitures/2826813851","","","Kia Picanto 1.0 DPI 67ch BVMS ACTIVE","8 400 €","Pack Sérénité","202052000 kmEssenceManuelle","2020","52000 km","Essence","Manuelle","Caen 14000"
"https://www.leboncoin.fr/ad/voitures/2816137366","","","Citroën C1 1.0 VTi Feel 5P 72 ch","8 400 €","Pack Sérénité","202034700 kmEssenceManuelle","2020","34700 km","Essence","Manuelle","Fontenay-aux-Roses 92260"
"https://www.leboncoin.fr/ad/voitures/2781485060","","","Dacia Sandero (confort) Année 2021","8 400 €","Pack Sérénité","2021114000 kmEssenceManuelle","2021","114000 km","Essence","Manuelle","Laroque 34190"
"https://www.leboncoin.fr/ad/voitures/2835607303","","Pro","CITROËN C3 III Phase 2 1.2 THP PureTech 110 cv / Première main / Revisé / Garantie / TVA","8 490 €","","2020126000 kmEssenceManuelle","2020","126000 km","Essence","Manuelle","Poitiers 86000"
"https://www.leboncoin.fr/ad/voitures/2492077827","","Pro","RENAULT TWINGO 1.0 i 65 cv","","","202043948 kmEssenceManuelle","2020","43948 km","Essence","Manuelle","Saint-Loup-Hors 14400"
"https://www.leboncoin.fr/ad/voitures/2760129400","","","Peugeot 108 1ere main 1.0 vti 72cv critair1 5 portes 23000 kms d origine","","Pack Sérénité","202123000 kmEssenceManuelle","2021","23000 km","Essence","Manuelle","Clamart 92140"
"https://www.leboncoin.fr/ad/voitures/2732482228","","Pro","CITROEN C3 III phase 2 1.2 83CH FEEL 1 ERE MAIN","","","2020105977 kmEssenceManuelle","2020","105977 km","Essence","Manuelle","Toulouse 31500 Bonnefoy-Roseraie-Gramont"
"https://www.leboncoin.fr/ad/voitures/2760082669","","Pro","RENAULT TWINGO 1.0 SCe 75 Zen","8 490 €","","202060200 kmEssenceManuelle","2020","60200 km","Essence","Manuelle","Toutlemonde 49360"
"https://www.leboncoin.fr/ad/voitures/2834848508","","Pro","RENAULT Twingo III Phase 2 1.0 SCe S&S 65 ch","8 490 €","","202130100 kmEssenceManuelle","2021","30100 km","Essence","Manuelle","Bouafle 78410"
"https://www.leboncoin.fr/ad/voitures/2492027084","","Pro","Citroen C3 1,2 83ch feel nav GPS business 5 places","","","202089000 kmEssenceManuelle","2020","89000 km","Essence","Manuelle","La Montagne 44620"
"https://www.leboncoin.fr/ad/voitures/2828389760","","","Twingo Zen 95cv - 2020","8 490 €","Pack Sérénité","202053000 kmEssenceManuelle","2020","53000 km","Essence","Manuelle","Fontainebleau 77300"
"https://www.leboncoin.fr/ad/voitures/2814114495","","Pro","Fiat 500 1,0 70 ch hybride pack dolcevita/an 2021/carplay","8 490 €","","202176000 kmHybrideManuelle","2021","76000 km","Hybride","Manuelle","Salon-de-Provence 13300"
"https://www.leboncoin.fr/ad/voitures/2777908040","","Pro","Renault twingo iii sce 65 life - 21","8 490 €","","202151000 kmEssenceManuelle","2021","51000 km","Essence","Manuelle","Saint-Pierre-La-Noue 17700"
"https://www.leboncoin.fr/ad/voitures/2774054444","","Pro","Citroën C3 1.2 PureTech 82ch Feel","8 490 €","","2020113000 kmEssenceManuelle","2020","113000 km","Essence","Manuelle","Castelginest 31780"
"https://www.leboncoin.fr/ad/voitures/2769219327","","Pro","Renault Twingo III SCe 65 Zen","8 490 €","","202164000 kmEssenceManuelle","2021","64000 km","Essence","Manuelle","Vertou 44120"
"https://www.leboncoin.fr/ad/voitures/2806746014","","","Citroen C1 2020","8 499 €","Pack Sérénité","202049778 kmEssenceManuelle","2020","49778 km","Essence","Manuelle","Choloy-Ménillot 54200"
"https://www.leboncoin.fr/ad/voitures/2774623773","","Pro","RENAULT Twingo III SCe 75 Zen","","","202047500 kmEssenceManuelle","2020","47500 km","Essence","Manuelle","Livry-Gargan 93190"
"https://www.leboncoin.fr/ad/voitures/2836362781","","","Fiat tipo","8 500 €","Pack Sérénité","2020181000 kmDieselAutomatique","2020","181000 km","Diesel","Automatique","Bordeaux 33000"
"https://www.leboncoin.fr/ad/voitures/2751976777","https://img.leboncoin.fr/api/v1/lbcpb1/images/cd/b7/b5/cdb7b5e0968c46085068f32480117a5175b3647e.jpg?rule=ad-image","","Peugeot 108","8 500 €","Pack Sérénité","202019000 kmEssenceManuelle","2020","19000 km","Essence","Manuelle","Fontenay-Trésigny 77610"
"https://www.leboncoin.fr/ad/voitures/2832580823","https://img.leboncoin.fr/api/v1/lbcpb1/images/2a/94/67/2a94670fbf22dc925f72328c23b29141c752eb67.jpg?rule=ad-image","","Dacia Sandero","8 500 €","Pack Sérénité","202072018 kmEssenceManuelle","2020","72018 km","Essence","Manuelle","Millencourt-en-Ponthieu 80135"
"https://www.leboncoin.fr/ad/voitures/2831400767","","","Voiture à vendre","8 500 €","Pack Sérénité","202055000 kmEssenceManuelle","2020","55000 km","Essence","Manuelle","Gennes-Val-de-Loire 49160 Saint-Martin-de-la-Place"
"https://www.leboncoin.fr/ad/voitures/2822818226","","","Kia Picanto urban édition","8 500 €","Pack Sérénité","202052000 kmEssenceManuelle","2020","52000 km","Essence","Manuelle","Wavrin 59136"
"https://www.leboncoin.fr/ad/voitures/2767174657","","","Twingo III Life SCE 65","","Pack Sérénité","202050339 kmEssenceManuelle","2020","50339 km","Essence","Manuelle","Grand Bourgtheroulde 27520"
"https://www.leboncoin.fr/ad/voitures/2802225479","","","Citroën C3 PureTech 82 S&S BVM5 Live","8 500 €","Pack Sérénité","202044000 kmEssenceManuelle","2020","44000 km","Essence","Manuelle","Levallois-Perret 92300"
"https://www.leboncoin.fr/ad/voitures/2793094670","","","Vend FIAT PANDA 1.2 69 EASY 2020","8 500 €","Pack Sérénité","202035500 kmEssenceManuelle","2020","35500 km","Essence","Manuelle","Saleilles 66280"
"https://www.leboncoin.fr/ad/voitures/2791682001","","","DACIA Sandero City+ 1.0 SCe 75 1ère main Ethanol","8 500 €","Paiement sécurisé","202077000 kmAutreManuelle","2020","77000 km","Autre","Manuelle","Escazeaux 82500"
"https://www.leboncoin.fr/ad/voitures/2779304926","","","Voiture sans permis, Citroën, ami","8 500 €","Paiement sécurisé","20234000 kmElectriqueManuelle","2023","4000 km","Electrique","Manuelle","La Valette-du-Var 83160"
"https://www.leboncoin.fr/ad/voitures/2809019030","","","Peugeot 108 2021","8 590 €","Pack Sérénité","202110100 kmEssenceManuelle","2021","10100 km","Essence","Manuelle","Igny 91430"
"https://www.leboncoin.fr/ad/voitures/2785651870","","","Ford fiesta cool & connect S&S 75cv 2020","","Pack Sérénité","2020128000 kmEssenceManuelle","2020","128000 km","Essence","Manuelle","Étival-Clairefontaine 88480"
"https://www.leboncoin.fr/ad/voitures/2821218483","","","Sandero DACIA City+ 2020","8 600 €","Pack Sérénité","202090000 kmEssenceManuelle","2020","90000 km","Essence","Manuelle","Montarnaud 34570"
"https://www.leboncoin.fr/ad/voitures/2816093297","","","Fiat Panda Cool 1.2 69 ch","8 600 €","Pack Sérénité","202025500 kmEssenceManuelle","2020","25500 km","Essence","Manuelle","Guebwiller 68500"
"https://www.leboncoin.fr/ad/voitures/2810387234","","","I 10","8 600 €","Pack Sérénité","202161000 kmEssenceManuelle","2021","61000 km","Essence","Manuelle","La Croix-aux-Mines 88520"
"https://www.leboncoin.fr/ad/voitures/2806682771","","","108 Peugeot","8 600 €","Pack Sérénité","202043200 kmEssenceManuelle","2020","43200 km","Essence","Manuelle","Aix-les-Bains 73100"
"https://www.leboncoin.fr/ad/voitures/2792001320","","","108 collection VTI S&S bvm 5 portes","8 600 €","Pack Sérénité","202033000 kmEssenceManuelle","2020","33000 km","Essence","Manuelle","Meaux 77100"
"https://www.leboncoin.fr/ad/voitures/2764500418","","","Dacia Sendero 54cv avec Boîtier Éthanol","8 600 €","Pack Sérénité","202045345 kmEssenceManuelle","2020","45345 km","Essence","Manuelle","Saint-Priest 69800"
"https://www.leboncoin.fr/ad/voitures/2806338614","","","Twingo1.0","","Pack Sérénité","202060200 kmEssenceManuelle","2020","60200 km","Essence","Manuelle","Friville-Escarbotin 80130"
"https://www.leboncoin.fr/ad/voitures/2784190701","","","Dacia SANDERO STEPWAY 1.0 CONFORT","","Pack Sérénité","202192000 kmEssenceManuelle","2021","92000 km","Essence","Manuelle","Bezons 95870"
"https://www.leboncoin.fr/ad/voitures/2789369286","","Pro","Renault Twingo III SCe 75 - Zen","8 700 €","","202042500 kmEssenceManuelle","2020","42500 km","Essence","Manuelle","Saint-Étienne 42000"
"https://www.leboncoin.fr/ad/voitures/2788818853","","Pro","Renault Twingo III TCE 75 Ch finition Zen / Clim / Bluetooth / limiteur de vitesse / ENTRETIENT COMPLET RENAULT / 5 Portes","","","202034800 kmEssenceManuelle","2020","34800 km","Essence","Manuelle","Saint-Zacharie 83640"
"https://www.leboncoin.fr/ad/voitures/2834911164","","","Skoda octavia 2l 150cv DSG7","8 800 €","Paiement sécurisé","2020238000 kmDieselManuelle","2020","238000 km","Diesel","Manuelle","Montauban 82000"
"https://www.leboncoin.fr/ad/voitures/2824521388","","","Twingo V SCe 65","8 800 €","Pack Sérénité","202052000 kmEssenceManuelle","2020","52000 km","Essence","Manuelle","Petite-Forêt 59494"
"https://www.leboncoin.fr/ad/voitures/2820880197","","","Zoé","8 800 €","Paiement sécurisé","202076000 kmElectriqueAutomatique","2020","76000 km","Electrique","Automatique","Rougiers 83170"
"https://www.leboncoin.fr/ad/voitures/2806743205","","","Citroën C3 Société 1.2 Pure Tech 82cv FEEL NAV","8 800 €","Pack Sérénité","202052000 kmEssenceManuelle","2020","52000 km","Essence","Manuelle","Carcassonne 11000"
"https://www.leboncoin.fr/ad/voitures/2806728744","","","Citroen C3 Sté pure tech 82 S&S Feel Nav","8 800 €","Pack Sérénité","202052000 kmEssenceManuelle","2020","52000 km","Essence","Manuelle","Pennautier 11610"
"https://www.leboncoin.fr/ad/voitures/2659261263","","","Renault twingo iii (2) 1.0 sce 75 zen","","Pack Sérénité","202047000 kmEssenceManuelle","2020","47000 km","Essence","Manuelle","Suresnes 92150"
"https://www.leboncoin.fr/ad/voitures/2815571322","","","Peugeot - 108 Like VTi 72 S&S BVM5 5p","8 880 €","Pack Sérénité","202038000 kmEssenceManuelle","2020","38000 km","Essence","Manuelle","Vannes 56000"
"https://www.leboncoin.fr/ad/voitures/2824187698","","","PEUGEOT 308 sw 130 cv allure","","Pack Sérénité","2020136000 kmEssenceManuelle","2020","136000 km","Essence","Manuelle","Saint-Nom-la-Bretèche 78860"
"https://www.leboncoin.fr/ad/voitures/2836263032","","","Dacia Sandero sce 75 City plus suréquipée (clim , bluetooth )+ options régulateur et radar de recul","8 900 €","Pack Sérénité","202049000 kmEssenceManuelle","2020","49000 km","Essence","Manuelle","Sausset-les-Pins 13960"
"https://www.leboncoin.fr/ad/voitures/2836212883","","Pro","Renault Twingo III SCe 75 - Zen","8 900 €","","202039500 kmEssenceManuelle","2020","39500 km","Essence","Manuelle","Saint-Étienne 42000"
"https://www.leboncoin.fr/ad/voitures/2823976967","","","Opel Corsa 6 Excellent État","8 900 €","Pack Sérénité","2020116000 kmEssenceManuelle","2020","116000 km","Essence","Manuelle","Nantes 44000"
"https://www.leboncoin.fr/ad/voitures/2816642518","","Pro","Dacia sandero ii (2) 1.0 sce 75 confort","8 900 €","","202058363 kmEssenceManuelle","2020","58363 km","Essence","Manuelle","Le Muy 83490"
"https://www.leboncoin.fr/ad/voitures/2816253316","","","Logan berline 1.0 SCe75","8 900 €","Pack Sérénité","202039000 kmEssenceManuelle","2020","39000 km","Essence","Manuelle","Donzère 26290"
"https://www.leboncoin.fr/ad/voitures/2809922608","","Pro","FIAT 500C Cabriolet Hybride 1.0 70CH LOUNGE","8 900 €","","2020159000 kmEssenceManuelle","2020","159000 km","Essence","Manuelle","Lançon-Provence 13680"
"https://www.leboncoin.fr/ad/voitures/2790479167","https://img.leboncoin.fr/api/v1/lbcpb1/images/1e/50/9c/1e509c2dede880fc2d8799ea5976b246f3aa91ab.jpg?rule=ad-image","","Citroën c3 société pure tech 82 s&s feel nav","8 900 €","Pack Sérénité","202051500 kmEssenceManuelle","2020","51500 km","Essence","Manuelle","Carcassonne 11000"
"https://www.leboncoin.fr/ad/voitures/2781588113","https://img.leboncoin.fr/api/v1/lbcpb1/images/f4/61/57/f461576bdcd80d199ad2f1b658eb4f8b69347e9b.jpg?rule=ad-image","Pro","Peugeot 108 style 72 vti","8 900 €","","202058242 kmEssenceManuelle","2020","58242 km","Essence","Manuelle","Hyères 83400"
"https://www.leboncoin.fr/ad/voitures/2773322180","","","Twingo 4 zen sce 75","8 900 €","Pack Sérénité","202140000 kmEssenceManuelle","2021","40000 km","Essence","Manuelle","Anzin 59410"
"https://www.leboncoin.fr/ad/voitures/2768248994","","Pro","Renault twingo 3 sce 65 zen","8 900 €","","202023696 kmEssenceManuelle","2020","23696 km","Essence","Manuelle","Valognes 50700"
"https://www.leboncoin.fr/ad/voitures/2831752307","","","Dacia sandero city +","8 950 €","Pack Sérénité","202054930 kmEssenceManuelle","2020","54930 km","Essence","Manuelle","Oust-Marest 80460"
"https://www.leboncoin.fr/ad/voitures/2826911555","","","Renault Twingo III","8 950 €","Pack Sérénité","202029420 kmEssenceManuelle","2020","29420 km","Essence","Manuelle","Retiers 35240"
"https://www.leboncoin.fr/ad/voitures/2645827828","","Pro","Renault twingo 3 / première main /etat neuf / garantie / 2021/ disponible de suite","8 950 €","","202169000 kmEssenceManuelle","2021","69000 km","Essence","Manuelle","Brie-Comte-Robert 77170"
"https://www.leboncoin.fr/ad/voitures/2782147946","","Pro","Peugeot 108 vti 72 ch active de 1 ère main / moteur a chaine / climatisation / feu led / garantie 6 mois","8 950 €","","202169000 kmEssenceManuelle","2021","69000 km","Essence","Manuelle","Brie-Comte-Robert 77170"
"https://www.leboncoin.fr/ad/voitures/2690509807","","Pro","Kia picanto 1.0 dpi 67 ch isg active / régulateur de vitesse / climatisation / aucun frais a prévoir / garantie 6 mois","","","202070000 kmEssenceManuelle","2020","70000 km","Essence","Manuelle","Brie-Comte-Robert 77170"
"https://www.leboncoin.fr/ad/voitures/2836664360","","Pro","TOYOTA Aygo II X-Play App 1.0 VVTi 12V 72 cv","","","202150500 kmEssenceManuelle","2021","50500 km","Essence","Manuelle","Bastia 20600"
"https://www.leboncoin.fr/ad/voitures/2836657220","","Pro","Citroen c1 ii 1.0 vti 72 s&s feel 5p","8 990 €","","202049000 kmEssenceManuelle","2020","49000 km","Essence","Manuelle","Versailles 78000"
"https://www.leboncoin.fr/ad/voitures/2835173679","","","FIAT 500 Sport, Super Etat, Garantie","8 990 €","Pack Sérénité","2020109750 kmEssenceManuelle","2020","109750 km","Essence","Manuelle","Douvrin 62138"
"https://www.leboncoin.fr/ad/voitures/2739671576","","Pro","Renault Twingo 1.0 SCe 65 ZEN - 21","","","202147870 kmEssenceManuelle","2021","47870 km","Essence","Manuelle","Freyming-Merlebach 57800"
"https://www.leboncoin.fr/ad/voitures/2834348648","","Pro","FIAT 500 II Pack Eco Star 1.2 69cv BVM","8 990 €","","202064990 kmEssenceManuelle","2020","64990 km","Essence","Manuelle","Ocquerre 77440"
"https://www.leboncoin.fr/ad/voitures/2795003423","","Pro","Twingo III (2020) - 1ère main - 58 200 km","","","202058200 kmEssenceManuelle","2020","58200 km","Essence","Manuelle","Le Landreau 44430"
"https://www.leboncoin.fr/ad/voitures/2833600908","","","Renault clio 5 société","8 990 €","Pack Sérénité","202083300 kmDieselManuelle","2020","83300 km","Diesel","Manuelle","Paris 75015 15e Arrondissement"
"https://www.leboncoin.fr/ad/voitures/2649400185","","","MITSUBISHI SPACE STAR Phase 2 1.2 i","8 990 €","Pack Sérénité","202145000 kmEssenceManuelle","2021","45000 km","Essence","Manuelle","Le Plessis-Belleville 60330"
"https://www.leboncoin.fr/ad/voitures/2630181764","","Pro","TWINGO III LIFE SCe 65 ch / 29000 kms","8 990 €","","202029000 kmEssenceManuelle","2020","29000 km","Essence","Manuelle","Marans 17230"
"https://www.leboncoin.fr/ad/voitures/2827877896","","","Toyota Aygo","8 990 €","Pack Sérénité","202035000 kmEssenceManuelle","2020","35000 km","Essence","Manuelle","Créteil 94000"
"https://www.leboncoin.fr/ad/voitures/2796712256","","Pro","Citroen C1 ii 1.0 vti 72 s&s Millenium 5p","","","202034900 kmEssenceManuelle","2020","34900 km","Essence","Manuelle","Les Angles 30133"
"https://www.leboncoin.fr/ad/voitures/2821033485","","Pro","Fiat 500C 1.0 70 ch Hybride BSG Dolcevita","8 990 €","","202187000 kmHybrideManuelle","2021","87000 km","Hybride","Manuelle","Nogent-le-Phaye 28630"
"https://www.leboncoin.fr/ad/voitures/2728887756","","Pro","RENAULT TWINGO III, 1.0 SCE 75cv ZEN, Start- and -Stop, 1ere Main, Climatisation, Bluetooth, TBEG, 36 000 km, Reprise Possible","8 990 €","","202036000 kmEssenceManuelle","2020","36000 km","Essence","Manuelle","Bourg-en-Bresse 01000"
"https://www.leboncoin.fr/ad/voitures/2820057428","","","Citroën C3 1.2 Essence 83 ch S&S Feel Nav Essence","8 990 €","Pack Sérénité","202050000 kmEssenceManuelle","2020","50000 km","Essence","Manuelle","Montpellier 34000"
"https://www.leboncoin.fr/ad/voitures/2731455321","","Pro","Renault Twingo III TCe 65ch Intens","","","202169000 kmEssenceManuelle","2021","69000 km","Essence","Manuelle","Toulouse 31400"
"https://www.leboncoin.fr/ad/voitures/2816732347","","","Citroën C3 1.2 Essence 83 ch S&S Feel Nav","8 990 €","Pack Sérénité","202050000 kmEssenceManuelle","2020","50000 km","Essence","Manuelle","Montpellier 34000"
"https://www.leboncoin.fr/ad/voitures/2794035312","","Pro","Twingo iii life 1.0l sce 65cv","8 990 €","","202024400 kmEssenceManuelle","2020","24400 km","Essence","Manuelle","Luisant 28600"
"https://www.leboncoin.fr/ad/voitures/2790931360","","Pro","Renault twingo III sce 65 pack zen/1ere main/11 000km/an 2021","8 990 €","","202111000 kmEssenceManuelle","2021","11000 km","Essence","Manuelle","Salon-de-Provence 13300"
"https://www.leboncoin.fr/ad/voitures/2786705881","","Pro","Ford fiesta 1l1 85ch cool and connect 1ere main","8 990 €","","2020139000 kmEssenceManuelle","2020","139000 km","Essence","Manuelle","Crest 26400"
"https://www.leboncoin.fr/ad/voitures/2767412923","","","Sandero 3, quasi neuve, avec gar-antie, TVA non récupérable","8 990 €","Pack Sérénité","202119000 kmEssenceManuelle","2021","19000 km","Essence","Manuelle","Toulouse 31000"
"https://www.leboncoin.fr/ad/voitures/2790014085","","Pro","Renault Twingo III Zen SCE 75","8 995 €","","202040890 kmEssenceManuelle","2020","40890 km","Essence","Manuelle","Verson 14790"
"https://www.leboncoin.fr/ad/voitures/2292943644","","","Clio air nave éthanol réversible société","","Pack Sérénité","202150500 kmEssenceManuelle","2021","50500 km","Essence","Manuelle","Pont-de-l'Isère 26600"
"https://www.leboncoin.fr/ad/voitures/2795116037","","","Renault twingo 3 phase 2","8 999 €","Pack Sérénité","202130000 kmEssenceManuelle","2021","30000 km","Essence","Manuelle","Villeneuve-le-Roi 94290"
"https://www.leboncoin.fr/ad/voitures/2709668405","","","Voiture Renault","","Pack Sérénité","202059000 kmEssenceManuelle","2020","59000 km","Essence","Manuelle","Vinay 38470"
"https://www.leboncoin.fr/ad/voitures/2836748723","","","Dacia Sandero","9 000 €","Pack Sérénité","202152165 kmEssenceManuelle","2021","52165 km","Essence","Manuelle","Tracy-le-Val 60170"
"https://www.leboncoin.fr/ad/voitures/2803820719","","","Jolie petite twingo ||| Sce 75- 20 zen","9 000 €","Pack Sérénité","202027700 kmEssenceManuelle","2020","27700 km","Essence","Manuelle","Plottes 71700"
"https://www.leboncoin.fr/ad/voitures/2836277658","https://img.leboncoin.fr/api/v1/lbcpb1/images/e5/ee/62/e5ee62f77fc489fffbee83e44286f4164b6053f3.jpg?rule=ad-image","","Mitsubishi Space star","9 000 €","Pack Sérénité","202157000 kmEssenceManuelle","2021","57000 km","Essence","Manuelle","Meurchin 62410"
"https://www.leboncoin.fr/ad/voitures/2835917701","https://img.leboncoin.fr/api/v1/lbcpb1/images/01/43/71/0143716db5ef7033b45ac0b79510415d87676b48.jpg?rule=ad-image","","Dacia sandero ii moteur neuf","9 000 €","Pack Sérénité","202043738 kmEssenceManuelle","2020","43738 km","Essence","Manuelle","Deux-Grosnes 69860"
"https://www.leboncoin.fr/ad/voitures/2789584513","","","C4 cactus","","Pack Sérénité","2020126000 kmEssenceManuelle","2020","126000 km","Essence","Manuelle","Rennes 35000"
"https://www.leboncoin.fr/ad/voitures/2833408352","","","Renault twingo","9 000 €","Pack Sérénité","202015400 kmEssenceManuelle","2020","15400 km","Essence","Manuelle","Mallemort 13370"
"https://www.leboncoin.fr/ad/voitures/2832038702","","","Twingo III de 2020","9 000 €","Pack Sérénité","202043500 kmEssenceManuelle","2020","43500 km","Essence","Manuelle","Poitiers 86000"
"https://www.leboncoin.fr/ad/voitures/2827037697","","","Fiat panda 10 000 km","9 000 €","Paiement sécurisé","202010000 kmEssenceManuelle","2020","10000 km","Essence","Manuelle","Solliès-Toucas 83210"
"https://www.leboncoin.fr/ad/voitures/2825807548","","","Opel Crossland X","9 000 €","Paiement sécurisé","202085000 kmEssenceManuelle","2020","85000 km","Essence","Manuelle","Abzac 33230"
"https://www.leboncoin.fr/ad/voitures/2824123634","","","Renault twingo","9 000 €","Pack Sérénité","202020450 kmEssenceManuelle","2020","20450 km","Essence","Manuelle","Lambersart 59130"
"https://www.leboncoin.fr/ad/voitures/2819648421","","","RENAULT ZOE phase 2 52kWh","9 000 €","Paiement sécurisé","202065000 kmElectriqueAutomatique","2020","65000 km","Electrique","Automatique","La Colombe 50800"
"https://www.leboncoin.fr/ad/voitures/2816589643","","","Twingo 30000 kms","9 000 €","Pack Sérénité","202030000 kmEssenceManuelle","2020","30000 km","Essence","Manuelle","Annecy 74000"
"https://www.leboncoin.fr/ad/voitures/2807002559","","","Renault Twingo III phase 2","9 000 €","Pack Sérénité","202141816 kmEssenceManuelle","2021","41816 km","Essence","Manuelle","Les Herbiers 85500 Ardelay"
"https://www.leboncoin.fr/ad/voitures/2804071015","","","Citroën C1 essence","9 000 €","Pack Sérénité","202021122 kmEssenceManuelle","2020","21122 km","Essence","Manuelle","Mézières-sur-Ponthouin 72290"
"https://www.leboncoin.fr/ad/voitures/2795427150","","","Renault twingo zen","9 000 €","Pack Sérénité","202039500 kmEssenceManuelle","2020","39500 km","Essence","Manuelle","Servon 77170"
"https://www.leboncoin.fr/ad/voitures/2774264133","","","HindayI10","9 000 €","Pack Sérénité","202044500 kmEssenceManuelle","2020","44500 km","Essence","Manuelle","Montbéliard 25200"
"https://www.leboncoin.fr/ad/voitures/2771569126","","","Volkswagen MOVE UP 2.0","9 000 €","Pack Sérénité","202020000 kmEssenceManuelle","2020","20000 km","Essence","Manuelle","Narbonne 11100"
"https://www.leboncoin.fr/ad/voitures/2770046391","","","Toyota Aygo X-SPORT","9 000 €","Pack Sérénité","202060000 kmEssenceManuelle","2020","60000 km","Essence","Manuelle","Villerupt 54190"
"https://www.leboncoin.fr/ad/voitures/2764503324","","","Citroen C1 Shine 5p","9 000 €","Pack Sérénité","202032500 kmEssenceManuelle","2020","32500 km","Essence","Manuelle","Stains 93240"
"https://www.leboncoin.fr/ad/voitures/2812068182","","","C3 version III , 83 ch ,premiere main","9 100 €","Pack Sérénité","202065000 kmEssenceManuelle","2020","65000 km","Essence","Manuelle","Remiremont 88200"
"https://www.leboncoin.fr/ad/voitures/2801493912","","","Dacia Sandero Stepway Tce 90","9 190 €","Pack Sérénité","202060567 kmEssenceManuelle","2020","60567 km","Essence","Manuelle","Avignon 84000"
"https://www.leboncoin.fr/ad/voitures/2836736489","","","Citroen C3 S&S 83 Shine","9 200 €","Pack Sérénité","202188000 kmEssenceManuelle","2021","88000 km","Essence","Manuelle","Saint-Jean-de-Bournay 38440"
"https://www.leboncoin.fr/ad/voitures/2824173025","","Pro","Citroën c1 vti 72 cv feel bvm5","9 200 €","","202159815 kmEssenceManuelle","2021","59815 km","Essence","Manuelle","Griesheim-sur-Souffel 67370"
"https://www.leboncoin.fr/ad/voitures/2829623956","","","Kia Picanto 9200","9 200 €","Pack Sérénité","202079000 kmEssenceManuelle","2020","79000 km","Essence","Manuelle","Ollioules 83190"
"https://www.leboncoin.fr/ad/voitures/2818544125","","","Peugeot 208","9 200 €","Pack Sérénité","202068000 kmEssenceManuelle","2020","68000 km","Essence","Manuelle","Tremblay-en-France 93290"
"https://www.leboncoin.fr/ad/voitures/2801036430","","","Megane 4","9 200 €","Pack Sérénité","2020164000 kmDieselAutomatique","2020","164000 km","Diesel","Automatique","Montreuil 93100"
"https://www.leboncoin.fr/ad/voitures/2683106572","","","C3 100 CV - 2020 - S&S Shine Edition","","Pack Sérénité","202098500 kmDieselManuelle","2020","98500 km","Diesel","Manuelle","Lunac 12270"
"https://www.leboncoin.fr/ad/voitures/2775974400","","","Peugeot 108 Style","9 200 €","Pack Sérénité","202040500 kmEssenceManuelle","2020","40500 km","Essence","Manuelle","Digne-les-Bains 04000"
"https://www.leboncoin.fr/ad/voitures/2774490763","","","Vente Twingo 3","9 200 €","Pack Sérénité","202023579 kmEssenceManuelle","2020","23579 km","Essence","Manuelle","Sainte-Marie-la-Mer 66470"
"https://www.leboncoin.fr/ad/voitures/2815011606","","","Citroën C1 VTI S&S Feel 5 portes","9 250 €","Pack Sérénité","202037500 kmEssenceManuelle","2020","37500 km","Essence","Manuelle","Laval 53000"
"https://www.leboncoin.fr/ad/voitures/2813264220","","","Ligier js 50 2021","9 250 €","Pack Sérénité","202130600 kmDieselAutomatique","2021","30600 km","Diesel","Automatique","Figari 20114"
"https://www.leboncoin.fr/ad/voitures/2781401105","","","Peugeot 108 1.0 vti 72 s&s 3cv allure 5p","9 250 €","Pack Sérénité","202031000 kmEssenceManuelle","2020","31000 km","Essence","Manuelle","Chennevières-sur-Marne 94430"
"https://www.leboncoin.fr/ad/voitures/2776966379","","","Dacia Sandero 3 /2021/ moteur a chaine de transmission/ emissions C02= 120g/km eligible a la prime a la conversion","9 250 €","Pack Sérénité","202149000 kmEssenceManuelle","2021","49000 km","Essence","Manuelle","Tarare 69170"
"https://www.leboncoin.fr/ad/voitures/2834770330","","","Toyota Aygo 2020","9 290 €","Pack Sérénité","202030000 kmEssenceManuelle","2020","30000 km","Essence","Manuelle","Bezons 95870"
"https://www.leboncoin.fr/ad/voitures/2746906326","","Pro","Twingo 3 sce 75 zen "" 58 500 km ""","9 300 €","","202058500 kmEssenceManuelle","2020","58500 km","Essence","Manuelle","L'Union 31240"
"https://www.leboncoin.fr/ad/voitures/2825402622","","","Vends Kia Picanto","9 300 €","Pack Sérénité","202035200 kmEssenceManuelle","2020","35200 km","Essence","Manuelle","Loriol-du-Comtat 84870"
"https://www.leboncoin.fr/ad/voitures/2783444004","","","Renault Twingo III Zen Sce 75","9 300 €","Pack Sérénité","202043202 kmEssenceManuelle","2020","43202 km","Essence","Manuelle","Plaisir 78370"
"https://www.leboncoin.fr/ad/voitures/2775358543","https://img.leboncoin.fr/api/v1/lbcpb1/images/ca/34/db/ca34dbae68e464662c75b375b2bf2e018b81ee08.jpg?rule=ad-image","","Twingo phase 3 de juin 2020 avec 38500km","9 300 €","Pack Sérénité","202038500 kmEssenceManuelle","2020","38500 km","Essence","Manuelle","Sathonay-Village 69580"
"https://www.leboncoin.fr/ad/voitures/2835371820","https://img.leboncoin.fr/api/v1/lbcpb1/images/52/74/5b/52745beeaca532fc2ad6703e168609278aaf031c.jpg?rule=ad-image","","Dacia Sandero City +","9 350 €","Pack Sérénité","202048000 kmEssenceManuelle","2020","48000 km","Essence","Manuelle","Doullens 80600"
"https://www.leboncoin.fr/ad/voitures/2823161517","","","CITROEN C1- ETAT SHOW-ROOM- 02/2021-2.570 KM CERTIFIES-5 PORTES- prête a immatriculer +32 475.73.44.84","9 350 €","Pack Sérénité","20212570 kmEssenceManuelle","2021","2570 km","Essence","Manuelle","Bavay 59570"
"https://www.leboncoin.fr/ad/voitures/2825621183","","","Dacia Sandero ECO-G 100 ESSENTIEL GPL","9 400 €","Pack Sérénité","202154000 kmEssenceManuelle","2021","54000 km","Essence","Manuelle","Chaumont 52000"
"https://www.leboncoin.fr/ad/voitures/2836074945","","Pro","Dacia sandero sce 75cv 05/2020 1ere main 42904km 9450","9 450 €","","202042904 kmEssenceManuelle","2020","42904 km","Essence","Manuelle","Serres-Castet 64121"
"https://www.leboncoin.fr/ad/voitures/2816478694","","Pro","PEUGEOT 108 1.0 i 68 STYLE 5 PORTES","","","202159800 kmEssenceManuelle","2021","59800 km","Essence","Manuelle","Les Sables-d'Olonne 85180"
"https://www.leboncoin.fr/ad/voitures/2803090327","","Pro","Dacia sandero 1.0 sce 65 ch essentiel de 2021 avec seulement 27.000km / carplay / garantie 6 mois","9 450 €","","202127000 kmEssenceManuelle","2021","27000 km","Essence","Manuelle","Brie-Comte-Robert 77170"
"https://www.leboncoin.fr/ad/voitures/2830264993","","","Peugeot 108 / 1.0 VTI 72 S&S Like 5P / 2020","9 475 €","Pack Sérénité","202039000 kmEssenceManuelle","2020","39000 km","Essence","Manuelle","La Mure 38350"
"https://www.leboncoin.fr/ad/voitures/2836095013","","Pro","Renault Twingo III 1.0 SCE 75 CH ZEN","9 490 €","","202042200 kmEssenceManuelle","2020","42200 km","Essence","Manuelle","La Chevrolière 44118"
"https://www.leboncoin.fr/ad/voitures/2812458985","","Pro","Peugeot 208 (2) 1.2 75cv clim like 5 portes 02/2021 22000km","","","202122000 kmEssenceManuelle","2021","22000 km","Essence","Manuelle","Meaux 77100"
"https://www.leboncoin.fr/ad/voitures/2778789742","","Pro","Renault Twingo 1.0 SCe 65 ch Zen 21","","","202134100 kmEssenceManuelle","2021","34100 km","Essence","Manuelle","Vesoul 70000"
"https://www.leboncoin.fr/ad/voitures/2710535347","","Pro","Citroën C3 Phase 2 Feel Pack Business 1.2 THP 110 Boite 6 VITESSES GPS ANDROID APPLE CAR PLAY AIRBUMP LED / 1ère Main +Suivi Citroën +Courroie de distribution remplacé /GARANTIE 12 MOIS CITROËN EUROPE","","","2021124700 kmEssenceAutomatique","2021","124700 km","Essence","Automatique","Vaulx-en-Velin 69120"
"https://www.leboncoin.fr/ad/voitures/2774029986","","Pro","Dacia Sandero Stepway 2021","9 490 €","","202167000 kmEssenceManuelle","2021","67000 km","Essence","Manuelle","Saint-Just-Saint-Rambert 42170"
"https://www.leboncoin.fr/ad/voitures/2790348041","","Pro","TWINGO III Life Sce 65 cv 1 ère Main","9 490 €","","20208820 kmEssenceManuelle","2020","8820 km","Essence","Manuelle","Arandon-Passins 38510"
"https://www.leboncoin.fr/ad/voitures/2775694964","","Pro","Renault twingo 3 phase 2 1.0i edition zen","9 490 €","","202033000 kmEssenceManuelle","2020","33000 km","Essence","Manuelle","Saint-Léger-de-Linières 49070 Saint-Jean-de-Linières"
"https://www.leboncoin.fr/ad/voitures/2698175880","","Pro","Renault twingo III tce 95 pack zen/27000km/1ere main/radar de recul","9 490 €","","202027000 kmEssenceManuelle","2020","27000 km","Essence","Manuelle","Salon-de-Provence 13300"
"https://www.leboncoin.fr/ad/voitures/2809212349","","","Peugeot 108 72 cv 5 portes critair 1","9 490 €","Pack Sérénité","202114900 kmEssenceManuelle","2021","14900 km","Essence","Manuelle","Suresnes 92150"
"https://www.leboncoin.fr/ad/voitures/2628586873","","Pro","Peugeot 208 (2) 1.2 puretech 82 signature 5p","","","202058300 kmEssenceManuelle","2020","58300 km","Essence","Manuelle","Domont 95330"
"https://www.leboncoin.fr/ad/voitures/2760105758","","Pro","Peugeot 108 VTI 72cv STYLE 5p","","","202018000 kmEssenceManuelle","2020","18000 km","Essence","Manuelle","Illiers-Combray 28120"
"https://www.leboncoin.fr/ad/voitures/2794637559","","Pro","Renault twingo III ph2 1.0 sce 65cv bvm5 / 1*main / 2021 / 29.000km / 7.900e ht 9.490e ttc garantie 6 mois","9 490 €","","202129000 kmEssenceManuelle","2021","29000 km","Essence","Manuelle","Beaune 21200"
"https://www.leboncoin.fr/ad/voitures/2775573896","","","Toyota AYGO 7.500Km","9 490 €","Pack Sérénité","20207500 kmEssenceManuelle","2020","7500 km","Essence","Manuelle","Paris 75016"
"https://www.leboncoin.fr/ad/voitures/2766075064","","Pro","Suzuki celerio 1.0 VVT Privilège","9 490 €","","202043620 kmEssenceManuelle","2020","43620 km","Essence","Manuelle","Charleville-Mézières 08000"
"https://www.leboncoin.fr/ad/voitures/2812503696","","Pro","Tres belle peugeot 108","9 500 €","","202163000 kmEssenceManuelle","2021","63000 km","Essence","Manuelle","Lyon 69008 8e Arrondissement"
"https://www.leboncoin.fr/ad/voitures/2836686828","","","Hyundai i20 garantie constructeur 2025","9 500 €","Pack Sérénité","202094500 kmEssenceManuelle","2020","94500 km","Essence","Manuelle","Saint-Pathus 77178"
"https://www.leboncoin.fr/ad/voitures/2807708946","","","DACIA Sandero TCe 90 SL Techroad (2020)","","Pack Sérénité","2020118000 kmEssenceManuelle","2020","118000 km","Essence","Manuelle","Saint-Jean-de-Braye 45800"
"https://www.leboncoin.fr/ad/voitures/2836007949","","","Renault twingo 3 essence","9 500 €","Pack Sérénité","202125000 kmEssenceManuelle","2021","25000 km","Essence","Manuelle","Lempdes 63370"
"https://www.leboncoin.fr/ad/voitures/2738611367","","","Fiat panda city life hybride","9 500 €","Pack Sérénité","202229000 kmEssenceManuelle","2022","29000 km","Essence","Manuelle","Vichy 03200"
"https://www.leboncoin.fr/ad/voitures/2746915330","","Pro","FIAT 500 HYBRIDE 1.0 70 BSG 47 000 km 05/2021","","","202147000 kmEssenceManuelle","2021","47000 km","Essence","Manuelle","Metz 57000 Magny"
"https://www.leboncoin.fr/ad/voitures/2814769391","","","Vehicule renault twingo","","Pack Sérénité","202046000 kmEssenceManuelle","2020","46000 km","Essence","Manuelle","Vaison-la-Romaine 84110"
"https://www.leboncoin.fr/ad/voitures/2830117871","","","Vend TWINGO année 2020","9 500 €","Pack Sérénité","202012000 kmEssenceManuelle","2020","12000 km","Essence","Manuelle","Saint-Chef 38890"
"https://www.leboncoin.fr/ad/voitures/2830945054","","","CITROEN C3 III phase 2 1.2 PURETECH 83CH FEEL BVM5","9 500 €","Paiement sécurisé","202151000 kmEssenceManuelle","2021","51000 km","Essence","Manuelle","Saint-Sulpice-la-Pointe 81370"
"https://www.leboncoin.fr/ad/voitures/2830757188","","","Fiat panda 1.2 69ch","9 500 €","Pack Sérénité","202018000 kmEssenceManuelle","2020","18000 km","Essence","Manuelle","Nice 06300"
"https://www.leboncoin.fr/ad/voitures/2829155611","","","Ford Fiesta V 1.0 EcoBoost 95ch Cool & Connect 5p","9 500 €","Pack Sérénité","202095500 kmEssenceManuelle","2020","95500 km","Essence","Manuelle","Ajaccio 20000"
"https://www.leboncoin.fr/ad/voitures/2822068493","","","Peugeot 108 - 5 portes - 2020","9 500 €","Pack Sérénité","202012000 kmEssenceManuelle","2020","12000 km","Essence","Manuelle","Ciboure 64500"
"https://www.leboncoin.fr/ad/voitures/2782493372","","","Citroën C3","","Pack Sérénité","202160000 kmEssenceManuelle","2021","60000 km","Essence","Manuelle","Terranjou 49380"
"https://www.leboncoin.fr/ad/voitures/2814807375","https://img.leboncoin.fr/api/v1/lbcpb1/images/bc/4e/5d/bc4e5d177908e752fec16711d98f1b3f33fe1549.jpg?rule=ad-image","","Véhicule Twingo III Zen","","Pack Sérénité","202045000 kmEssenceManuelle","2020","45000 km","Essence","Manuelle","Le Barcarès 66420"
"https://www.leboncoin.fr/ad/voitures/2811977664","https://img.leboncoin.fr/api/v1/lbcpb1/images/92/5c/0a/925c0aa4ae19520516d98d3a09403a8bbb63c6d4.jpg?rule=ad-image","","Mitsubishi Space Star","9 500 €","Pack Sérénité","202040200 kmEssenceManuelle","2020","40200 km","Essence","Manuelle","Athis-Mons 91200"
"https://www.leboncoin.fr/ad/voitures/2810174741","","","Citroën C3","9 500 €","Pack Sérénité","202097000 kmEssenceManuelle","2020","97000 km","Essence","Manuelle","Javerlhac-et-la-Chapelle-St-Robert 24300"
"https://www.leboncoin.fr/ad/voitures/2728765501","","Pro","Volkswagen UP Active Caméra de Recul","","","202143000 kmEssenceManuelle","2021","43000 km","Essence","Manuelle","Igny 91430"
"https://www.leboncoin.fr/ad/voitures/2805592095","","","Dacia 2022","9 500 €","Paiement sécurisé","20224500 kmGPLManuelle","2022","4500 km","GPL","Manuelle","Nizas 32130"
"https://www.leboncoin.fr/ad/voitures/2800804720","","","Dacia Sandero Stepway","9 500 €","Paiement sécurisé","202042000 kmEssenceManuelle","2020","42000 km","Essence","Manuelle","Erstein 67150"
"https://www.leboncoin.fr/ad/voitures/2799190678","","","Citroen C1 2020","9 500 €","Pack Sérénité","202045000 kmEssenceManuelle","2020","45000 km","Essence","Manuelle","Palavas-les-Flots 34250"
"https://www.leboncoin.fr/ad/voitures/2796793451","","","Peugeot 108 style","9 500 €","Pack Sérénité","202124500 kmEssenceManuelle","2021","24500 km","Essence","Manuelle","Compiègne 60200"
"https://www.leboncoin.fr/ad/voitures/2717302972","","","Peugeot 108","","Pack Sérénité","202154500 kmEssenceManuelle","2021","54500 km","Essence","Manuelle","La Bouëxière 35340"
"https://www.leboncoin.fr/ad/voitures/2786573255","","Pro","Voiture sans permis Microcar Mgo6 +","9 500 €","","202121000 kmDieselAutomatique","2021","21000 km","Diesel","Automatique","Angoulême 16000"
"https://www.leboncoin.fr/ad/voitures/2776431622","","","DACIA SANDERO SCe 75","9 500 €","Pack Sérénité","202025000 kmEssenceManuelle","2020","25000 km","Essence","Manuelle","Charny Orée de Puisaye 89120"
"https://www.leboncoin.fr/ad/voitures/2767422746","","","À Vendre 208","9 500 €","Pack Sérénité","2020132500 kmEssenceManuelle","2020","132500 km","Essence","Manuelle","Lyon 69008 8e Arrondissement"
"https://www.leboncoin.fr/ad/voitures/2810830363","","","Opel Corsa F édition 75cv","9 550 €","Pack Sérénité","202065500 kmEssenceManuelle","2020","65500 km","Essence","Manuelle","Saint-Vérand 69620"
"https://www.leboncoin.fr/ad/voitures/2836755931","","","Fiat 500 1.2 8V 69 Ch eco pack lounge","9 560 €","Pack Sérénité","2020103000 kmEssenceManuelle","2020","103000 km","Essence","Manuelle","Blaye 33390"
"https://www.leboncoin.fr/ad/voitures/2836407186","","Pro","Fiat 500 1.0 70 cv hybride dolcevita toit panoramique 04/2021","9 590 €","","202177550 kmHybrideManuelle","2021","77550 km","Hybride","Manuelle","Seclin 59113"
"https://www.leboncoin.fr/ad/voitures/2781896966","","Pro","Peugeot 308 Sw 1.2 S&S EAT8 Allure Business","","","2020127000 kmEssenceAutomatique","2020","127000 km","Essence","Automatique","Vienne 38200"
"https://www.leboncoin.fr/ad/voitures/2734398393","","Pro","Opel corsa vi 1.2 75 edition 5p","9 590 €","","202070000 kmEssenceManuelle","2020","70000 km","Essence","Manuelle","Houdan 78550"
"https://www.leboncoin.fr/ad/voitures/2805092199","","","Citroën C1 (2) VTi 72 S&S BVM Live","9 590 €","Pack Sérénité","202038100 kmEssenceManuelle","2020","38100 km","Essence","Manuelle","Marans 17230"
"https://www.leboncoin.fr/ad/voitures/2789643619","","","Clio 5","9 600 €","Pack Sérénité","202061450 kmEssenceManuelle","2020","61450 km","Essence","Manuelle","Montpellier 34000"
"https://www.leboncoin.fr/ad/voitures/2778662866","","Pro","Renault twingo iii 65 life","9 650 €","","202124950 kmEssenceManuelle","2021","24950 km","Essence","Manuelle","Villemur-sur-Tarn 31340"
"https://www.leboncoin.fr/ad/voitures/2833333171","","","Twingo","9 690 €","Pack Sérénité","202119875 kmEssenceManuelle","2021","19875 km","Essence","Manuelle","Issoire 63500"
"https://www.leboncoin.fr/ad/voitures/2831355775","","","Renault twingo sce 65 sl team rugby","9 690 €","Pack Sérénité","202029980 kmEssenceManuelle","2020","29980 km","Essence","Manuelle","Saint-Jacques-sur-Darnétal 76160"
"https://www.leboncoin.fr/ad/voitures/2784931117","","Pro","C3 III PHASE II PURETECH 83 S&S FEEL 03/2021 32000kms","9 690 €","","202132000 kmEssenceManuelle","2021","32000 km","Essence","Manuelle","Saint-Étienne 42230 Saint-Victor"
"https://www.leboncoin.fr/ad/voitures/2826278777","","","Hyundai i20","9 700 €","Pack Sérénité","202036100 kmEssenceManuelle","2020","36100 km","Essence","Manuelle","Saint-Sauveur-d'Émalleville 76110"
"https://www.leboncoin.fr/ad/voitures/2786131597","","","Twingo 95 cv Zen","9 700 €","Pack Sérénité","202041500 kmEssenceManuelle","2020","41500 km","Essence","Manuelle","Rouen 76000"
"https://www.leboncoin.fr/ad/voitures/2790883617","","","Citroën C3","9 750 €","Pack Sérénité","202080000 kmEssenceManuelle","2020","80000 km","Essence","Manuelle","Bar-le-Duc 55000"
"https://www.leboncoin.fr/ad/voitures/2835338690","","","Twingo 3","9 790 €","Pack Sérénité","202053000 kmEssenceManuelle","2020","53000 km","Essence","Manuelle","Beynes 78650"
"https://www.leboncoin.fr/ad/voitures/2791378238","","","Renault Twingo iii SCE 65 - 21 ZEN 21300km","9 790 €","Pack Sérénité","202121300 kmEssenceManuelle","2021","21300 km","Essence","Manuelle","Perpignan 66100"
"https://www.leboncoin.fr/ad/voitures/2836600315","","","Opel corsa 2020","9 800 €","Pack Sérénité","202069350 kmEssenceManuelle","2020","69350 km","Essence","Manuelle","Tournefeuille 31170"
"https://www.leboncoin.fr/ad/voitures/2835950744","","","DACIA Spring 100% Électrique ttes options","9 800 €","Paiement sécurisé","202148000 kmElectriqueAutomatique","2021","48000 km","Electrique","Automatique","Toulouse 31000"
"https://www.leboncoin.fr/ad/voitures/2835503665","","","Fiat 500","9 800 €","Pack Sérénité","202052000 kmEssenceManuelle","2020","52000 km","Essence","Manuelle","Villeneuve-sur-Lot 47300"
"https://www.leboncoin.fr/ad/voitures/2835329390","","","Renault Clio 1.0Tce Bi-fuel 100cv","9 800 €","Pack Sérénité","2020119000 kmEssenceManuelle","2020","119000 km","Essence","Manuelle","Nîmes 30000"
"https://www.leboncoin.fr/ad/voitures/2834898864","","Pro","PEUGEOT 308 BlueHDi 130ch Active Business GPS Caméra","9 800 €","","2021176000 kmDieselManuelle","2021","176000 km","Diesel","Manuelle","Lançon-Provence 13680"
"https://www.leboncoin.fr/ad/voitures/2833870805","","","Renault Twingo III Zen sce 75 - 2020","9 800 €","Pack Sérénité","202043000 kmEssenceManuelle","2020","43000 km","Essence","Manuelle","Mouguerre 64990"
"https://www.leboncoin.fr/ad/voitures/2803080807","","Pro","Renault clio V 5 1.0 tce 100 ch /1 ere main/ carplay","","","2020121000 kmEssenceManuelle","2020","121000 km","Essence","Manuelle","Neauphlette 78980 Les Chemins de Longnes"
"https://www.leboncoin.fr/ad/voitures/2833497732","https://img.leboncoin.fr/api/v1/lbcpb1/images/a8/41/55/a841553370744f839236038372256f46c8890de1.jpg?rule=ad-image","","Citroën C1","9 800 €","Pack Sérénité","202019000 kmEssenceManuelle","2020","19000 km","Essence","Manuelle","Sceaux 92330"
"https://www.leboncoin.fr/ad/voitures/2787175084","https://img.leboncoin.fr/api/v1/lbcpb1/images/fb/fe/b2/fbfeb29ac8f7d3897b618c2c43970fedf30127f6.jpg?rule=ad-image","","C 1","","Pack Sérénité","202117818 kmEssenceManuelle","2021","17818 km","Essence","Manuelle","Sisteron 04200"
"https://www.leboncoin.fr/ad/voitures/2822144112","","","Twingo III 1.0 L 75 ch, 36 000 km. Urgent","9 800 €","Pack Sérénité","202036510 kmEssenceManuelle","2020","36510 km","Essence","Manuelle","Saint-Priest 69800"
"https://www.leboncoin.fr/ad/voitures/2799442184","","","Opel corsa f 2020 essence crit'air 1","9 800 €","Pack Sérénité","202069500 kmEssenceManuelle","2020","69500 km","Essence","Manuelle","Toulouse 31000"
"https://www.leboncoin.fr/ad/voitures/2797100751","","","C3 Business 2020","9 800 €","Pack Sérénité","202080000 kmEssenceManuelle","2020","80000 km","Essence","Manuelle","Toulouse 31000"
"https://www.leboncoin.fr/ad/voitures/2835040297","","","Peugeot 108 très bon état","9 880 €","Pack Sérénité","202027000 kmEssenceManuelle","2020","27000 km","Essence","Manuelle","Le Taillan-Médoc 33320"
"https://www.leboncoin.fr/ad/voitures/2830977156","","Pro","Aixam minauto climatisation sans permis","9 890 €","Occasion récente","20235300 kmDieselManuelle","2023","5300 km","Diesel","Manuelle","Nice 06300"
"https://www.leboncoin.fr/ad/voitures/2785101018","","","Twingo iii","9 890 €","Pack Sérénité","202044100 kmEssenceManuelle","2020","44100 km","Essence","Manuelle","Beaufort-Orbagna 39190"
"https://www.leboncoin.fr/ad/voitures/2836575904","","","Peugeot 108 style 72ch 5portes 4ch","9 900 €","Pack Sérénité","202111850 kmEssenceManuelle","2021","11850 km","Essence","Manuelle","Hénouville 76840"
"https://www.leboncoin.fr/ad/voitures/2836063969","","","Fiat 500 Boîte Automatique","9 900 €","Paiement sécurisé","202041200 kmEssenceAutomatique","2020","41200 km","Essence","Automatique","Orgeval 78630"
"https://www.leboncoin.fr/ad/voitures/2835904040","","","Dacia Spring / Charge Rapide / Extension de Garantie","9 900 €","Paiement sécurisé","202231500 kmElectriqueAutomatique","2022","31500 km","Electrique","Automatique","Joinville-le-Pont 94340"
"https://www.leboncoin.fr/ad/voitures/2835736802","","","308 110 ch","9 900 €","Pack Sérénité","202068500 kmEssenceManuelle","2020","68500 km","Essence","Manuelle","Unieux 42240"
"https://www.leboncoin.fr/ad/voitures/2835158883","","","TWINGO III Phase 2 1.0 SCe 12V S&S 75cv Zen","9 900 €","Pack Sérénité","202036010 kmEssenceManuelle","2020","36010 km","Essence","Manuelle","Toulouse 31000"
"https://www.leboncoin.fr/ad/voitures/2835037675","","Pro","Toyota Aygo 1.0 VVT-i 72ch x-Play CAR PLAY","9 900 €","","202122472 kmEssenceManuelle","2021","22472 km","Essence","Manuelle","Paris 75007 7e Arrondissement"
"https://www.leboncoin.fr/ad/voitures/2834385991","","","Citroën C3 C-Series PureTech 83 - Collaborateur PSA","9 900 €","Pack Sérénité","202078000 kmEssenceManuelle","2020","78000 km","Essence","Manuelle","Armentières 59280"
"https://www.leboncoin.fr/ad/voitures/2833638300","","","Toyota Aygo version X-play Apple CarPlay","9 900 €","Pack Sérénité","202036700 kmEssenceManuelle","2020","36700 km","Essence","Manuelle","Béthune 62400"
"https://www.leboncoin.fr/ad/voitures/2822163607","","","Opel Corsa Edition 1.2 année 2020","9 900 €","Pack Sérénité","202034000 kmEssenceManuelle","2020","34000 km","Essence","Manuelle","Bitche 57230"
"https://www.leboncoin.fr/ad/voitures/2830733121","","","Citroen c3","9 900 €","Pack Sérénité","202072000 kmEssenceManuelle","2020","72000 km","Essence","Manuelle","Grand-Couronne 76530 Les Essarts"
"https://www.leboncoin.fr/ad/voitures/2826232511","","","Citroën C3 1.2 Puretech 82 Shine","9 900 €","Pack Sérénité","202060600 kmEssenceManuelle","2020","60600 km","Essence","Manuelle","Viuz-en-Sallaz 74250"
"https://www.leboncoin.fr/ad/voitures/2825162972","","","Citroën C3 noir 5 portes 110 cv BVM6 Feel pack","9 900 €","Pack Sérénité","202076000 kmEssenceManuelle","2020","76000 km","Essence","Manuelle","Montluel 01120"
"https://www.leboncoin.fr/ad/voitures/2819194815","","","Peugeot 208","9 900 €","Pack Sérénité","202068000 kmEssenceManuelle","2020","68000 km","Essence","Manuelle","Le Mans 72000"
"https://www.leboncoin.fr/ad/voitures/2814175106","","Pro","PEUGEOT 208 1.2 75 ch ACTIVE BUSINESS LED","9 900 €","","202171000 kmEssenceManuelle","2021","71000 km","Essence","Manuelle","Lançon-Provence 13680"
"https://www.leboncoin.fr/ad/voitures/2813853149","","","Clio 5 business full option","9 900 €","Pack Sérénité","202075400 kmEssenceManuelle","2020","75400 km","Essence","Manuelle","Sallanches 74700"
"https://www.leboncoin.fr/ad/voitures/2716159253","","","Renault Twingo III","9 900 €","","202035500 kmEssenceManuelle","2020","35500 km","Essence","Manuelle","Breteil 35160"
"https://www.leboncoin.fr/ad/voitures/2699846041","","","Renaud twingo ||| 1.0l 65ch zen","9 900 €","Pack Sérénité","202131397 kmEssenceManuelle","2021","31397 km","Essence","Manuelle","Valence 26000"
"https://www.leboncoin.fr/ad/voitures/2776828337","","","Clio generation tce 75 ct ok","9 900 €","Pack Sérénité","202079000 kmEssenceManuelle","2020","79000 km","Essence","Manuelle","Roanne 42300"
"https://www.leboncoin.fr/ad/voitures/2770106402","","","Twingo 3","9 900 €","Pack Sérénité","202058000 kmEssenceManuelle","2020","58000 km","Essence","Manuelle","Boulbon 13150"
"https://www.leboncoin.fr/ad/voitures/2768923310","","","A vendre Citroën C3 Feel Pack","9 900 €","Pack Sérénité","202139200 kmEssenceManuelle","2021","39200 km","Essence","Manuelle","Le Val-Saint-Germain 91530"
"https://www.leboncoin.fr/ad/voitures/2825116467","","","Citroën C3 aircross","9 950 €","Paiement sécurisé","202062000 kmEssenceManuelle","2020","62000 km","Essence","Manuelle","La Madeleine 59110"
"https://www.leboncoin.fr/ad/voitures/2792878761","","Pro","RENAULT TWINGO Sce 65 ZEN","9 950 €","","202154000 kmEssenceManuelle","2021","54000 km","Essence","Manuelle","Cerizay 79140"
"https://www.leboncoin.fr/ad/voitures/2789051437","","","Peugeot 308 1.5 Hdi 130cv EAT8 1ere main","9 950 €","Pack Sérénité","2020164000 kmDieselAutomatique","2020","164000 km","Diesel","Automatique","Metz 57000"
"https://www.leboncoin.fr/ad/voitures/2799625413","","Pro","Twingo zen sce 65 cv radar-clim gtie 12 mois","9 980 €","","202124191 kmEssenceManuelle","2021","24191 km","Essence","Manuelle","Saint-Laurent-Nouan 41220"
"https://www.leboncoin.fr/ad/voitures/2810782034","","Pro","Dacia Sandero SCe Essentiel / Media display CARPLAY / 1 ère Main","9 980 €","","202138600 kmEssenceManuelle","2021","38600 km","Essence","Manuelle","Roanne 42300"
"https://www.leboncoin.fr/ad/voitures/2730113635","","Pro","PEUGEOT 308 1.2 110 CH ACTIVE business","","","2021112932 kmEssenceManuelle","2021","112932 km","Essence","Manuelle","Fenouillet 31150"
"https://www.leboncoin.fr/ad/voitures/2827470633","","Pro","RENAULT TWINGO SCe 75CV LIMITED","9 990 €","","202015000 kmEssenceManuelle","2020","15000 km","Essence","Manuelle","Lisses 91090"
"https://www.leboncoin.fr/ad/voitures/2774438266","https://img.leboncoin.fr/api/v1/lbcpb1/images/1c/7a/ee/1c7aee65e9c94361fefdf9a3b128194e76e1ed5f.jpg?rule=ad-image","Pro","CITROËN C3 FEEL 1.2 VTI 82 - Garantie","","","202057662 kmEssenceManuelle","2020","57662 km","Essence","Manuelle","Saint-André-lez-Lille 59350"
"https://www.leboncoin.fr/ad/voitures/2691194328","https://img.leboncoin.fr/api/v1/lbcpb1/images/1d/7a/95/1d7a95a44a1071479d1d9eb96b1788dacae1143d.jpg?rule=ad-image","Pro","Fiat 500 1.0 70 ch Hybride BSG S/S Club (4 CV) 2020","9 990 €","","202052000 kmHybrideManuelle","2020","52000 km","Hybride","Manuelle","Poitiers 86000"
"https://www.leboncoin.fr/ad/voitures/2836205614","","Pro","Renault Twingo Life SCE 70ch","9 990 €","","202036852 kmEssenceManuelle","2020","36852 km","Essence","Manuelle","La Chapelle-Launay 44260"
"https://www.leboncoin.fr/ad/voitures/2836062073","","Pro","Aixam crossover emotion sans permis 2pl 1cv","9 990 €","","202044900 kmDieselAutomatique","2020","44900 km","Diesel","Automatique","Brindas 69126"
"https://www.leboncoin.fr/ad/voitures/2836000047","","","Citroën C3 PureTech 82ch Shine S&S","9 990 €","Pack Sérénité","202085000 kmEssenceManuelle","2020","85000 km","Essence","Manuelle","Château-Guibert 85320"
"https://www.leboncoin.fr/ad/voitures/2835624273","","","Citroen c1 s&s Camera,carplay/Android","9 990 €","Pack Sérénité","20226000 kmEssenceManuelle","2022","6000 km","Essence","Manuelle","Grenoble 38000"
"https://www.leboncoin.fr/ad/voitures/2790508649","","Pro","Kia Picanto ACTIVE 1.0 DPI 67CV","9 990 €","","202129457 kmEssenceManuelle","2021","29457 km","Essence","Manuelle","Bourgoin-Jallieu 38300"
"https://www.leboncoin.fr/ad/voitures/2830878615","","","Fiat fiat 500 1.0 70 bsg hybrid lounge","9 990 €","Pack Sérénité","202029000 kmHybrideManuelle","2020","29000 km","Hybride","Manuelle","Annecy 74000"
"https://www.leboncoin.fr/ad/voitures/2830810905","","Pro","FIAT 500 HYBRIDE 1.0 12v 69cv DOLCE VITA","9 990 €","","202180000 kmEssenceManuelle","2021","80000 km","Essence","Manuelle","Grenoble 38000"
"https://www.leboncoin.fr/ad/voitures/2794360120","","Pro","RENAULT TWINGO E-TECH ELECTRIQUE III 80ch TVA RECUPERABLE","9 990 €","","202134742 kmElectriqueAutomatique","2021","34742 km","Electrique","Automatique","Bondy 93140"
"https://www.leboncoin.fr/ad/voitures/2821193407","","Pro","✅ KIA RIO - 1.0 T-GDI 100Ch - Boite manuelle - Essence - CAMÉRA DE RECUL / RADARS DE RECUL / BLUETOOTH / CLIMATISATION / GPS / FEUX AUTO / VITRES ÉLEC / JANTES / AFFAIRE À SAISIR","9 990 €","","2020122500 kmEssenceManuelle","2020","122500 km","Essence","Manuelle","Aubagne 13400"
"https://www.leboncoin.fr/ad/voitures/2829167588","","","Citroen c3 nov 2020 tbe 43000kms","9 990 €","Pack Sérénité","202043000 kmEssenceManuelle","2020","43000 km","Essence","Manuelle","Dannes 62187"
"https://www.leboncoin.fr/ad/voitures/2786364997","","Pro","FIAT 500 POP 1.0 70 ch BSG - Origine FRANCE - Deuxième main - 52800 kms - 05/2020 - Climatisation - Régulateur de vitesse - Ecran tactile - En stock dispo immédiatement","","","202049999 kmEssenceManuelle","2020","49999 km","Essence","Manuelle","Port-Jérôme-sur-Seine 76330"
"https://www.leboncoin.fr/ad/voitures/2828330459","","","Mitsubishi, Space star","9 990 €","Paiement sécurisé","202318000 kmEssenceManuelle","2023","18000 km","Essence","Manuelle","Agen 47000"
"https://www.leboncoin.fr/ad/voitures/2827083746","","","Kia picanto 1.0 67ch Motion Neuve
Finition Motion 
Date de première immatriculation 23/07/2024
Kilométrage : 960km
Garantie Kia 7ans ou 150 000km 
Premier contact via Leboncoin","9 990 €","Paiement sécurisé","2024960 kmEssenceManuelle","2024","960 km","Essence","Manuelle","Orée d'Anjou 49530 Liré"
"https://www.leboncoin.fr/ad/voitures/2827049866","","","Vends twingo Zen sce 75","9 990 €","Pack Sérénité","20207904 kmEssenceManuelle","2020","7904 km","Essence","Manuelle","Sanary-sur-Mer 83110"
"https://www.leboncoin.fr/ad/voitures/2824386876","","Pro","Citroen c3 aircross 130 cv shine boite auto / 2020 / carplay / camera","9 990 €","","202095300 kmEssenceAutomatique","2020","95300 km","Essence","Automatique","Aix-en-Provence 13290 Les Milles"
"https://www.leboncoin.fr/ad/voitures/2741268998","","Pro","Renault twingoo iii tce 95 zen","9 990 €","","202040000 kmEssenceManuelle","2020","40000 km","Essence","Manuelle","Saint-Pierre-La-Noue 17700"
"https://www.leboncoin.fr/ad/voitures/2748132993","","","Twingo III 1.0 SCE 75 SIGNATURE","9 990 €","Pack Sérénité","202058200 kmEssenceManuelle","2020","58200 km","Essence","Manuelle","La Ville-du-Bois 91620"
"https://www.leboncoin.fr/ad/voitures/2776838345","","Pro","RENAULT CLIO V TCe 100 Business 🔥🚀","","","202072000 kmEssenceManuelle","2020","72000 km","Essence","Manuelle","Saint-Maximin 60740"
"https://www.leboncoin.fr/ad/voitures/2820157331","","","Renault Twingo 3 0.9 tce 95ch","9 990 €","Pack Sérénité","202044000 kmEssenceManuelle","2020","44000 km","Essence","Manuelle","Saint-Pierre-de-Mésage 38220"
"https://www.leboncoin.fr/ad/voitures/2724507998","","Pro","Twingo 3 zen sce 75","9 990 €","","202058021 kmEssenceManuelle","2020","58021 km","Essence","Manuelle","Grand-Champ 56390"
"https://www.leboncoin.fr/ad/voitures/2722481047","","Pro","TWINGO III (Phase 2) ZEN 1.0 SCE (CLIM-BLUETOOTH-RADAR ARRIERE-LIMITEUR DE VITESSE) AVEC 37 266 Km","9 990 €","","202137266 kmEssenceManuelle","2021","37266 km","Essence","Manuelle","Mamers 72600"
"https://www.leboncoin.fr/ad/voitures/2696211002","","Pro","A saisir opel corsa vi 1.2 75 edition 5p garantie 12 mois","","","202060027 kmEssenceManuelle","2020","60027 km","Essence","Manuelle","Évreux 27000"
"https://www.leboncoin.fr/ad/voitures/2806244611","","","Toyota Aygo X-Look","9 990 €","Pack Sérénité","202132500 kmEssenceManuelle","2021","32500 km","Essence","Manuelle","Saint-Christophe 17220"
"https://www.leboncoin.fr/ad/voitures/2805061035","","Pro","PEUGEOT 208 SOCIÉTÉ 5 Portes 75ch - CARPLAY - CLIMATISATION - BLUETOOH","9 990 €","","20212800 kmEssenceManuelle","2021","2800 km","Essence","Manuelle","Carrières-sur-Seine 78420"
"https://www.leboncoin.fr/ad/voitures/2769243854","","Pro","Opel Crossland X 1.2 83 ch Edition","","","202030000 kmEssenceManuelle","2020","30000 km","Essence","Manuelle","Vertou 44120"
"https://www.leboncoin.fr/ad/voitures/2794387038","","Pro","Citroen c3 pure tech 83 s&s bvm5 feel business","9 990 €","","202171000 kmEssenceManuelle","2021","71000 km","Essence","Manuelle","Essey-lès-Nancy 54270"
"https://www.leboncoin.fr/ad/voitures/2794111930","","Pro","Renault twingo III 1,0 sce 75 pack zen/1ere main/7000km","9 990 €","","20207000 kmEssenceManuelle","2020","7000 km","Essence","Manuelle","Salon-de-Provence 13300"
"https://www.leboncoin.fr/ad/voitures/2792633316","","","Fiat 500 Sport Hybride","9 990 €","Pack Sérénité","202155700 kmHybrideManuelle","2021","55700 km","Hybride","Manuelle","Vélizy-Villacoublay 78140"
"https://www.leboncoin.fr/ad/voitures/2777622376","","Pro","Twingo III (2) Sce 75 ZEN + radar","","","202038154 kmEssenceManuelle","2020","38154 km","Essence","Manuelle","Sablé-sur-Sarthe 72300"
"https://www.leboncoin.fr/ad/voitures/2789512174","","Pro","DACIA Sandero II Urban Stepway Phase 2 CLIMATISATION / ATTELAGE 1.0 SCe 12V 75 cv essence","9 990 €","","202035000 kmEssenceManuelle","2020","35000 km","Essence","Manuelle","Cornebarrieu 31700"
"https://www.leboncoin.fr/ad/voitures/2775589410","","Pro","Citroen c3 1.2 puretech 82 cv / 8255km garantie 24 mois europe","","","20208255 kmEssenceManuelle","2020","8255 km","Essence","Manuelle","Saint-Jean-d'Illac 33127"
"https://www.leboncoin.fr/ad/voitures/2783357033","","Pro","CITROËN C3 SHINE ESSENCE 5 places/34500km/apple carplay/2020","9 990 €","","202034500 kmEssenceManuelle","2020","34500 km","Essence","Manuelle","Mérignac 33700"
"https://www.leboncoin.fr/ad/voitures/2777433675","","Pro","Twingo 1.0 sce 75cv zen","9 990 €","","202030396 kmEssenceManuelle","2020","30396 km","Essence","Manuelle","Fains-Véel 55000 Fains-les-Sources"
"https://www.leboncoin.fr/ad/voitures/2766656326","https://img.leboncoin.fr/api/v1/lbcpb1/images/18/fb/2c/18fb2c12709daac0bd817c37a874ecee8aaf73a0.jpg?rule=ad-image","Pro","C1 live 72cv Faible Km","9 990 €","","202114350 kmEssenceManuelle","2021","14350 km","Essence","Manuelle","Lille 59160 Lomme"
"https://www.leboncoin.fr/ad/voitures/2655052513","https://img.leboncoin.fr/api/v1/lbcpb1/images/a7/b2/07/a7b2076dcc61ba72aaa109803dfde212cd47feb4.jpg?rule=ad-image","Pro","Toyota aygo ii (2) 1.0 vvt-i 72 x 5p","9 990 €","","202128436 kmEssenceManuelle","2021","28436 km","Essence","Manuelle","Melun 77000"
"https://www.leboncoin.fr/ad/voitures/2765791594","","","Dacia Sandero City +","9 990 €","Pack Sérénité","202027500 kmEssenceManuelle","2020","27500 km","Essence","Manuelle","Bonchamp-lès-Laval 53960"
"https://www.leboncoin.fr/ad/voitures/2765165171","","Pro","Twingo iii zen 1.0l tce 95cv","9 990 €","","202027600 kmEssenceManuelle","2020","27600 km","Essence","Manuelle","Luisant 28600"
"https://www.leboncoin.fr/ad/voitures/2835531133","","","Clio IV","9 999 €","Pack Sérénité","202032700 kmEssenceManuelle","2020","32700 km","Essence","Manuelle","La Hague 50460 Urville-Nacqueville"
"https://www.leboncoin.fr/ad/voitures/2825449784","","","Citroën C4 Cactus 110ch C-Series noire","9 999 €","Pack Sérénité","202080000 kmEssenceManuelle","2020","80000 km","Essence","Manuelle","Fronton 31620"
"https://www.leboncoin.fr/ad/voitures/2650221498","","","Peugeot 208","","Pack Sérénité","202071000 kmEssenceManuelle","2020","71000 km","Essence","Manuelle","Vitry-sur-Seine 94400"
"https://www.leboncoin.fr/ad/voitures/2822061271","","","Renault Twingo III blanche","9 999 €","Paiement sécurisé","202036500 kmEssenceManuelle","2020","36500 km","Essence","Manuelle","Fourques 66300"
"https://www.leboncoin.fr/ad/voitures/2774679574","","Pro","PEUGEOT 108 vti 72 Allure 5p s&s (Très faible kms )","9 999 €","","202013800 kmEssenceManuelle","2020","13800 km","Essence","Manuelle","Mélisey 70270"
"https://www.leboncoin.fr/ad/voitures/2774269567","","","Citroën C3","9 999 €","Pack Sérénité","202080000 kmEssenceManuelle","2020","80000 km","Essence","Manuelle","Visan 84820"
"https://www.leboncoin.fr/ad/voitures/2677374364","","","CITROEN C3 1.2 83ch Feel - 2021","","Pack Sérénité","202135639 kmEssenceManuelle","2021","35639 km","Essence","Manuelle","Marcq-en-Baroeul 59700"
"https://www.leboncoin.fr/ad/voitures/2822624866","","","Citroen c1","","Pack Sérénité","202025600 kmEssenceManuelle","2020","25600 km","Essence","Manuelle","Solaro 20240"
"https://www.leboncoin.fr/ad/voitures/2836095230","","","TWINGO 3/ 22000kms","10 000 €","Pack Sérénité","202122000 kmEssenceManuelle","2021","22000 km","Essence","Manuelle","Thonon-les-Bains 74200"
"https://www.leboncoin.fr/ad/voitures/2835743511","","","Dacia Sandero Urban Stepway","10 000 €","Pack Sérénité","202045000 kmEssenceManuelle","2020","45000 km","Essence","Manuelle","Dachstein 67120"
"https://www.leboncoin.fr/ad/voitures/2833395866","","","Peugeot 308 II 1.2 Puretech 110 Active","10 000 €","Pack Sérénité","202092000 kmEssenceManuelle","2020","92000 km","Essence","Manuelle","Mérignac 33700"
"https://www.leboncoin.fr/ad/voitures/2752915670","","","Dacia Duster","","Paiement sécurisé","2020131842 kmEssenceManuelle","2020","131842 km","Essence","Manuelle","Charbonnier-les-Mines 63340"
"https://www.leboncoin.fr/ad/voitures/2829974973","","","Toyota aygo 1.0 vvt 72 x play 5p 2021","","Pack Sérénité","202152000 kmEssenceManuelle","2021","52000 km","Essence","Manuelle","Hampont 57170"
"https://www.leboncoin.fr/ad/voitures/2828756031","","","Citroën c3","10 000 €","Pack Sérénité","202054000 kmEssenceManuelle","2020","54000 km","Essence","Manuelle","Saint-Priest 69800"
"https://www.leboncoin.fr/ad/voitures/2827482102","","","208 essence","10 000 €","Pack Sérénité","202026020 kmEssenceManuelle","2020","26020 km","Essence","Manuelle","Échirolles 38130"
"https://www.leboncoin.fr/ad/voitures/2822156558","","","Skoda Fabia 1.0 MPI Business","10 000 €","Pack Sérénité","202067000 kmEssenceManuelle","2020","67000 km","Essence","Manuelle","Marcq-en-Baroeul 59700"
"https://www.leboncoin.fr/ad/voitures/2821211378","","","Fiat Panda Hybride Sport MY21 - 26000km - 2021","10 000 €","Pack Sérénité","202126116 kmEssenceManuelle","2021","26116 km","Essence","Manuelle","Saint-Denis 93200"
"https://www.leboncoin.fr/ad/voitures/2818329161","","","Citroen C1","10 000 €","Pack Sérénité","202019000 kmEssenceManuelle","2020","19000 km","Essence","Manuelle","Saint-Étienne-de-Cuines 73130"
"https://www.leboncoin.fr/ad/voitures/2816077100","","","Ford fiesta éthanol","10 000 €","Pack Sérénité","2022155000 kmEssenceManuelle","2022","155000 km","Essence","Manuelle","Compiègne 60200"
"https://www.leboncoin.fr/ad/voitures/2739668703","","","Peugeot 208","","Pack Sérénité","202023500 kmEssenceManuelle","2020","23500 km","Essence","Manuelle","Villeneuve-Tolosane 31270"
"https://www.leboncoin.fr/ad/voitures/2813998907","","","Dacia Sandero gpl 2020","10 000 €","Pack Sérénité","202080000 kmGPLManuelle","2020","80000 km","GPL","Manuelle","Nort-sur-Erdre 44390"
"https://www.leboncoin.fr/ad/voitures/2730354988","","","FORD FIESTA COOL & CONNECT 5p","","Pack Sérénité","202160000 kmEssenceManuelle","2021","60000 km","Essence","Manuelle","Bordeaux 33000"
"https://www.leboncoin.fr/ad/voitures/2810410536","","","Vente Citroen C1","10 000 €","Pack Sérénité","202022000 kmEssenceManuelle","2020","22000 km","Essence","Manuelle","Tesson 17460"
"https://www.leboncoin.fr/ad/voitures/2808964320","","","Clio 4 90cv 84150km parfait état","10 000 €","Pack Sérénité","202084151 kmEssenceManuelle","2020","84151 km","Essence","Manuelle","Loos 59120"
"https://www.leboncoin.fr/ad/voitures/2808787545","","","Twingo","10 000 €","","202111200 kmEssenceManuelle","2021","11200 km","Essence","Manuelle","La Farlède 83210"
"https://www.leboncoin.fr/ad/voitures/2732910397","","","Clio IV","10 000 €","Pack Sérénité","20209000 kmEssenceManuelle","2020","9000 km","Essence","Manuelle","Cannes 06400 Carnot"
"https://www.leboncoin.fr/ad/voitures/2804214698","","","Citroën c3","10 000 €","Pack Sérénité","202061000 kmEssenceManuelle","2020","61000 km","Essence","Manuelle","Chambéry 73000"
"https://www.leboncoin.fr/ad/voitures/2718455547","","","Dacia Spring confort plus","","Paiement sécurisé","202223300 kmElectriqueAutomatique","2022","23300 km","Electrique","Automatique","Les Avenières Veyrins-Thuellin 38630"
"https://www.leboncoin.fr/ad/voitures/2794022941","","","Vends mitsubishi space star","10 000 €","Pack Sérénité","202171525 kmEssenceManuelle","2021","71525 km","Essence","Manuelle","Goderville 76110"
"https://www.leboncoin.fr/ad/voitures/2778332298","","","Opel corsa 2020","10 000 €","Pack Sérénité","202078000 kmEssenceManuelle","2020","78000 km","Essence","Manuelle","Aurillac 15000"
"https://www.leboncoin.fr/ad/voitures/2773209039","","","Opel corsa","10 000 €","Paiement sécurisé","202042000 kmEssenceManuelle","2020","42000 km","Essence","Manuelle","Agde 34300 Le Cap d'Agde"